aspect,level,key_behaviour
Penguasaan Produk & Pasar,1,Menjelaskan fitur utama produk sendiri secara akurat
Penguasaan Produk & Pasar,1,Menghafal struktur harga dan paket yang berlaku
Penguasaan Produk & Pasar,1,Menyampaikan value proposition standar tanpa penyesuaian
Penguasaan Produk & Pasar,2,Membandingkan produk sendiri dengan satu hingga dua kompetitor utama
Penguasaan Produk & Pasar,2,Mengidentifikasi segmen pasar yang menjadi target perusahaan
Penguasaan Produk & Pasar,2,Menerapkan teknik penjualan dasar yang diajarkan tim
Penguasaan Produk & Pasar,3,Memilih teknik penjualan yang sesuai dengan tipe dan kematangan prospek
Penguasaan Produk & Pasar,3,Memetakan posisi kompetitor pada kategori produk tertentu
Penguasaan Produk & Pasar,3,Menyusun proposal komersial mandiri tanpa template kaku
Penguasaan Produk & Pasar,4,Merancang pendekatan penetrasi untuk segmen pasar yang belum digarap
Penguasaan Produk & Pasar,4,Membaca tren industri dan menyesuaikan narasi penjualan
Penguasaan Produk & Pasar,4,Mengevaluasi efektivitas kanal penjualan berdasarkan data konversi
Penguasaan Produk & Pasar,5,Membentuk strategi penjualan tingkat perusahaan lintas segmen
Penguasaan Produk & Pasar,5,Mengantisipasi pergeseran pasar sebelum tercermin di angka penjualan
Penguasaan Produk & Pasar,5,Menjadi rujukan internal dan eksternal untuk kategori produk ini
Pemahaman Organisasi Klien,1,Menyebutkan bidang usaha dan skala organisasi klien
Pemahaman Organisasi Klien,1,Mengenali nama jabatan kontak utama di akun
Pemahaman Organisasi Klien,1,Memahami perbedaan dasar antara fungsi bisnis klien
Pemahaman Organisasi Klien,2,Membedakan pengambil keputusan dari pemberi pengaruh di akun
Pemahaman Organisasi Klien,2,Mengidentifikasi divisi mana yang memiliki anggaran relevan
Pemahaman Organisasi Klien,2,Memahami siklus perencanaan anggaran tahunan klien
Pemahaman Organisasi Klien,3,Memetakan alur persetujuan dan wewenang belanja di organisasi klien
Pemahaman Organisasi Klien,3,Menyesuaikan pendekatan dengan model operasi klien (terpusat atau tersebar)
Pemahaman Organisasi Klien,3,Mengidentifikasi inisiatif strategis klien yang bisa dikaitkan dengan solusi
Pemahaman Organisasi Klien,4,Menavigasi kepentingan yang saling bertentangan antar divisi klien
Pemahaman Organisasi Klien,4,Memprediksi dampak perubahan struktur organisasi klien pada peluang
Pemahaman Organisasi Klien,4,Membangun akses ke level pengambil keputusan di luar kontak awal
Pemahaman Organisasi Klien,5,Membangun hubungan setingkat direksi dan memengaruhi prioritas strategis klien
Pemahaman Organisasi Klien,5,Menjadi penasihat yang diajak bicara sebelum anggaran disusun
Pemahaman Organisasi Klien,5,Merancang model engagement organisasi untuk akun enterprise
Penguasaan Sales Technology,1,Memasukkan catatan aktivitas ke CRM sesuai instruksi
Penguasaan Sales Technology,1,Mengoperasikan perangkat presentasi dan konferensi daring
Penguasaan Sales Technology,1,Menemukan dokumen dan materi penjualan di repositori tim
Penguasaan Sales Technology,2,Menjaga status pipeline di CRM tetap mutakhir tanpa diingatkan
Penguasaan Sales Technology,2,Menggunakan template dan sekuens komunikasi yang tersedia
Penguasaan Sales Technology,2,Menghasilkan laporan aktivitas standar dari sistem
Penguasaan Sales Technology,3,Memanfaatkan laporan CRM untuk menentukan prioritas kerja mingguan
Penguasaan Sales Technology,3,Menggabungkan data dari beberapa sumber untuk menyiapkan pertemuan
Penguasaan Sales Technology,3,Menjaga kualitas dan konsistensi data akun yang menjadi tanggung jawabnya
Penguasaan Sales Technology,4,Mengoptimalkan alur kerja dan otomasi di CRM untuk timnya
Penguasaan Sales Technology,4,Mengevaluasi kelayakan tools penjualan baru berdasarkan kasus nyata
Penguasaan Sales Technology,4,Membangun dashboard yang dipakai rekan kerja untuk pengambilan keputusan
Penguasaan Sales Technology,5,Merancang arsitektur sales tech stack dan standar tata kelola data
Penguasaan Sales Technology,5,Menetapkan definisi metrik yang berlaku untuk seluruh organisasi penjualan
Penguasaan Sales Technology,5,Memimpin adopsi teknologi penjualan baru lintas tim
Mendengar Aktif,1,Mencatat hal yang disampaikan klien tanpa memotong pembicaraan
Mendengar Aktif,1,Mengulang kembali informasi faktual dengan benar
Mendengar Aktif,1,Menahan diri untuk tidak langsung menawarkan produk
Mendengar Aktif,2,Mengonfirmasi pemahaman atas poin utama sebelum melanjutkan
Mendengar Aktif,2,Mengajukan pertanyaan klarifikasi saat ada informasi yang kabur
Mendengar Aktif,2,Menyesuaikan kecepatan bicara dengan gaya lawan bicara
Mendengar Aktif,3,Menggali pernyataan implisit dengan pertanyaan lanjutan yang relevan
Mendengar Aktif,3,Membedakan keluhan permukaan dari masalah yang sebenarnya
Mendengar Aktif,3,"Merangkum kebutuhan klien dengan bahasa klien, bukan bahasa produk"
Mendengar Aktif,4,"Menangkap kebutuhan yang tidak terucap dari nada, jeda, dan keraguan"
Mendengar Aktif,4,Mengelola percakapan multi-pihak dan memastikan setiap suara terdengar
Mendengar Aktif,4,Mengenali ketika jawaban klien menghindari isu yang sesungguhnya
Mendengar Aktif,5,Melatih rekan kerja membaca sinyal halus dalam percakapan komersial
Mendengar Aktif,5,Merancang panduan diskusi diagnostik yang dipakai tim
Mendengar Aktif,5,Menggunakan wawasan dari lapangan sebagai masukan strategi produk
Analisis Kebutuhan Klien,1,Mengumpulkan daftar kebutuhan yang disebutkan langsung oleh prospek
Analisis Kebutuhan Klien,1,Mencatat kendala operasional yang diungkapkan tanpa menafsirkan
Analisis Kebutuhan Klien,1,Menyampaikan kebutuhan tersebut ke tim solusi secara utuh
Analisis Kebutuhan Klien,2,Menerjemahkan kebutuhan yang dinyatakan menjadi daftar fitur relevan
Analisis Kebutuhan Klien,2,Mengidentifikasi kebutuhan mana yang di luar cakupan produk
Analisis Kebutuhan Klien,2,Menyusun ringkasan kebutuhan yang bisa dipakai tim teknis
Analisis Kebutuhan Klien,3,Menjalankan diskusi diagnostik untuk menemukan akar masalah bisnis
Analisis Kebutuhan Klien,3,Memisahkan kebutuhan yang wajib dari yang sekadar diinginkan
Analisis Kebutuhan Klien,3,Menyusun peta kondisi saat ini versus kondisi yang diharapkan klien
Analisis Kebutuhan Klien,4,Merancang solusi gabungan lintas produk untuk kebutuhan yang kompleks
Analisis Kebutuhan Klien,4,Mengidentifikasi kebutuhan yang belum disadari klien dan membuktikannya
Analisis Kebutuhan Klien,4,Menilai kelayakan implementasi terhadap kapasitas nyata organisasi klien
Analisis Kebutuhan Klien,5,Merumuskan pola kebutuhan pasar yang berulang menjadi masukan roadmap produk
Analisis Kebutuhan Klien,5,Menetapkan metodologi discovery yang menjadi standar tim
Analisis Kebutuhan Klien,5,Mendefinisikan kategori masalah baru yang belum dilayani pasar
Ketajaman Komersial,1,"Memahami struktur harga, diskon, dan syarat pembayaran produk sendiri"
Ketajaman Komersial,1,Menghitung nilai kontrak dasar dengan benar
Ketajaman Komersial,1,Mengenali istilah finansial umum dalam percakapan bisnis
Ketajaman Komersial,2,Menghitung dampak diskon terhadap margin sebelum menawarkan
Ketajaman Komersial,2,Menjelaskan struktur biaya solusi kepada prospek secara jelas
Ketajaman Komersial,2,Membedakan belanja modal dan belanja operasional pada proposal
Ketajaman Komersial,3,Menyusun kalkulasi imbal hasil sederhana yang bisa diverifikasi prospek
Ketajaman Komersial,3,Mengaitkan solusi dengan pos anggaran yang sudah ada di klien
Ketajaman Komersial,3,Menjelaskan konsekuensi finansial dari tidak mengambil tindakan
Ketajaman Komersial,4,Membangun business case lengkap dengan periode balik modal dan biaya kepemilikan
Ketajaman Komersial,4,Merancang struktur komersial yang menyesuaikan siklus kas klien
Ketajaman Komersial,4,Menantang asumsi finansial klien dengan data pembanding industri
Ketajaman Komersial,5,Menegosiasikan skema komersial kompleks seperti kontrak multi-tahun atau bagi hasil
Ketajaman Komersial,5,Menetapkan kerangka penetapan harga yang dipakai tim penjualan
Ketajaman Komersial,5,Menghubungkan strategi penjualan dengan target profitabilitas perusahaan
Persuasi,1,Menyampaikan fitur produk sesuai naskah yang disediakan
Persuasi,1,Menggunakan materi presentasi standar untuk semua prospek
Persuasi,1,Meminta pendampingan senior ketika prospek mengajukan keberatan
Persuasi,2,Menyesuaikan urutan penyampaian berdasarkan industri prospek
Persuasi,2,Mengaitkan minimal satu fitur dengan kebutuhan yang disebut prospek
Persuasi,2,Menangani keberatan umum dengan jawaban yang sudah disiapkan tim
Persuasi,3,"Membangun argumen dari masalah bisnis prospek, bukan dari fitur produk"
Persuasi,3,Mengubah keberatan menjadi pertanyaan diagnostik untuk menggali kebutuhan
Persuasi,3,"Menyesuaikan gaya komunikasi dengan peran pendengar, teknis atau finansial"
Persuasi,4,Merancang narasi berbeda untuk tiap anggota komite pembelian secara konsisten
Persuasi,4,Mengantisipasi keberatan struktural seperti anggaran atau politik internal
Persuasi,4,Memenangkan dukungan champion internal untuk mengadvokasi di forum tertutup
Persuasi,5,Membentuk kriteria evaluasi prospek sejak awal sehingga selaras dengan kekuatan produk
Persuasi,5,Menjadi rujukan tim dalam menyusun narasi untuk kesepakatan lintas divisi
Persuasi,5,"Menggeser persepsi pasar terhadap kategori produk, bukan sekadar produknya"
Negosiasi,1,Menyampaikan harga dan syarat standar tanpa penyesuaian
Negosiasi,1,Mengeskalasi setiap permintaan konsesi ke atasan
Negosiasi,1,Mendokumentasikan permintaan klien secara akurat
Negosiasi,2,Menawarkan diskon dalam batas kewenangan yang diberikan
Negosiasi,2,Menjelaskan alasan di balik struktur harga saat ditanya
Negosiasi,2,Mengenali kapan negosiasi perlu dihentikan sementara
Negosiasi,3,Menukar konsesi dengan komitmen seperti durasi kontrak atau volume
Negosiasi,3,Menyiapkan batas bawah dan alternatif terbaik sebelum masuk perundingan
Negosiasi,3,Menjaga hubungan tetap baik meski permintaan klien ditolak
Negosiasi,4,Menyusun paket bernilai tinggi bagi klien tanpa mengorbankan margin
Negosiasi,4,Menegosiasikan secara paralel dengan beberapa pihak berkepentingan
Negosiasi,4,Membaca titik tekan lawan dan mengatur waktu konsesi secara strategis
Negosiasi,5,Merancang kerangka kesepakatan yang menjadi preseden bagi tim
Negosiasi,5,Memimpin negosiasi kontrak strategis dengan implikasi jangka panjang
Negosiasi,5,Melatih tim mengenali dan menghindari jebakan negosiasi umum
Kegigihan,1,Melakukan tindak lanjut sesuai jadwal yang ditetapkan
Kegigihan,1,Menyelesaikan jumlah aktivitas prospeksi minimum yang ditargetkan
Kegigihan,1,Melaporkan hambatan tanpa menunda pekerjaan berikutnya
Kegigihan,2,Melanjutkan tindak lanjut setelah penolakan pertama
Kegigihan,2,Mencoba kanal komunikasi alternatif ketika satu kanal tidak direspons
Kegigihan,2,Menjaga ritme aktivitas harian meski hasil belum terlihat
Kegigihan,3,Memelihara kontak jangka panjang dengan prospek yang belum siap membeli
Kegigihan,3,Menyesuaikan pendekatan setelah beberapa kali tidak berhasil
Kegigihan,3,Mengelola daftar prospek dorman secara terstruktur
Kegigihan,4,Membuka kembali kesepakatan yang sebelumnya dinyatakan kalah
Kegigihan,4,Bertahan pada siklus penjualan panjang lebih dari satu tahun tanpa kehilangan momentum
Kegigihan,4,Menjaga semangat rekan kerja saat periode konversi rendah
Kegigihan,5,Membangun sistem pemeliharaan prospek jangka panjang yang diadopsi tim
Kegigihan,5,Mengubah pola kekalahan berulang menjadi perbaikan proses
Kegigihan,5,Menjadi contoh ketahanan yang dirujuk dalam budaya tim
Inisiatif,1,Mengerjakan daftar prospek yang diberikan hingga tuntas
Inisiatif,1,Melaporkan peluang yang ditemukan secara tidak sengaja
Inisiatif,1,Meminta pekerjaan tambahan ketika target harian selesai
Inisiatif,2,Mencari prospek tambahan dari sumber yang sudah tersedia
Inisiatif,2,Mengusulkan perbaikan kecil pada materi atau proses penjualan
Inisiatif,2,Menindaklanjuti peluang lintas produk tanpa diminta
Inisiatif,3,Menyusun daftar target sendiri berdasarkan riset segmen
Inisiatif,3,Menguji pendekatan baru dan mengukur hasilnya secara mandiri
Inisiatif,3,Mengambil alih akun bermasalah sebelum menjadi eskalasi
Inisiatif,4,Membuka kanal atau segmen baru atas inisiatif sendiri
Inisiatif,4,Membangun kemitraan eksternal yang menghasilkan aliran prospek
Inisiatif,4,Menginisiasi proyek lintas fungsi untuk mengatasi hambatan penjualan
Inisiatif,5,Menciptakan peluang pasar baru yang berkembang menjadi lini bisnis
Inisiatif,5,Mendorong perubahan strategi komersial berdasarkan temuan lapangan
Inisiatif,5,Membangun budaya proaktif yang direplikasi tim lain
Ketahanan Tekanan,1,Tetap menjalankan tugas rutin ketika target belum tercapai
Ketahanan Tekanan,1,Menerima umpan balik korektif tanpa sikap defensif
Ketahanan Tekanan,1,Meminta bantuan ketika beban terasa berlebihan
Ketahanan Tekanan,2,Menjaga kualitas kerja saat menghadapi penolakan berulang
Ketahanan Tekanan,2,Memisahkan penolakan atas produk dari penilaian pribadi
Ketahanan Tekanan,2,Menjaga profesionalisme saat berhadapan dengan klien yang keras
Ketahanan Tekanan,3,Tetap tenang dan terstruktur ketika kesepakatan besar batal mendadak
Ketahanan Tekanan,3,Mengelola beban akhir kuartal tanpa penurunan kualitas
Ketahanan Tekanan,3,Memulihkan diri dengan cepat setelah kemunduran signifikan
Ketahanan Tekanan,4,Menjaga performa dan kejernihan berpikir saat tekanan target tinggi
Ketahanan Tekanan,4,Menstabilkan rekan kerja yang sedang mengalami tekanan berat
Ketahanan Tekanan,4,Mengambil keputusan sulit di bawah ketidakpastian informasi
Ketahanan Tekanan,5,Menjadi penstabil tim saat krisis komersial atau perubahan besar
Ketahanan Tekanan,5,Merancang mekanisme kerja yang mengurangi tekanan struktural tim
Ketahanan Tekanan,5,Menjaga arah jangka panjang ketika tekanan jangka pendek memuncak
Manajemen Layanan Klien,1,Menjawab pertanyaan klien sesuai prosedur yang berlaku
Manajemen Layanan Klien,1,Meneruskan permintaan ke saluran yang tepat
Manajemen Layanan Klien,1,Mendokumentasikan interaksi klien secara lengkap
Manajemen Layanan Klien,2,Menyelesaikan keluhan rutin dalam batas waktu layanan
Manajemen Layanan Klien,2,Menjelaskan status penanganan secara proaktif kepada klien
Manajemen Layanan Klien,2,Mengenali kapan sebuah isu perlu dieskalasi
Manajemen Layanan Klien,3,Mengantisipasi kebutuhan klien sebelum berubah menjadi keluhan
Manajemen Layanan Klien,3,Menyusun rencana layanan berkala untuk akun yang dipegang
Manajemen Layanan Klien,3,Mengukur kepuasan klien dan menindaklanjuti temuannya
Manajemen Layanan Klien,4,Merancang program layanan khusus untuk akun strategis
Manajemen Layanan Klien,4,Menyeimbangkan tuntutan layanan dengan kapasitas tim internal
Manajemen Layanan Klien,4,Memulihkan hubungan pada akun yang sempat bermasalah serius
Manajemen Layanan Klien,5,Menetapkan standar layanan yang menjadi diferensiasi perusahaan
Manajemen Layanan Klien,5,Membangun model keberhasilan pelanggan yang terukur
Manajemen Layanan Klien,5,Mengintegrasikan wawasan layanan ke dalam strategi produk
Evaluasi Kesehatan Akun,1,Mencatat metrik penggunaan produk oleh klien
Evaluasi Kesehatan Akun,1,Melaporkan angka adopsi apa adanya secara berkala
Evaluasi Kesehatan Akun,1,Mengenali indikator dasar seperti aktivitas login atau volume transaksi
Evaluasi Kesehatan Akun,2,Menyusun laporan tren penggunaan per akun tiap periode
Evaluasi Kesehatan Akun,2,Membandingkan realisasi terhadap komitmen awal kontrak
Evaluasi Kesehatan Akun,2,Menandai akun dengan penurunan aktivitas yang mencolok
Evaluasi Kesehatan Akun,3,Mengidentifikasi indikator risiko pemutusan kontrak dari pola penggunaan
Evaluasi Kesehatan Akun,3,Menghubungkan data penggunaan dengan nilai bisnis yang dirasakan klien
Evaluasi Kesehatan Akun,3,Mengusulkan tindakan koreksi yang spesifik berdasarkan data
Evaluasi Kesehatan Akun,4,Merancang kerangka indikator kesehatan akun beserta ambang batasnya
Evaluasi Kesehatan Akun,4,Menilai efektivitas intervensi retensi secara kuantitatif
Evaluasi Kesehatan Akun,4,Memprediksi risiko perpanjangan kontrak enam bulan sebelum jatuh tempo
Evaluasi Kesehatan Akun,5,Membangun sistem peringatan dini retensi tingkat perusahaan
Evaluasi Kesehatan Akun,5,Menetapkan definisi kesehatan akun yang berlaku lintas tim
Evaluasi Kesehatan Akun,5,Menghubungkan indikator akun dengan proyeksi pendapatan berulang
Orientasi Melayani,1,Merespons permintaan klien dalam tenggat yang dijanjikan
Orientasi Melayani,1,Bersikap sopan dan membantu dalam setiap interaksi
Orientasi Melayani,1,Menyampaikan informasi yang diminta secara lengkap
Orientasi Melayani,2,Mencari solusi di luar jawaban standar ketika prosedur tidak memadai
Orientasi Melayani,2,Menawarkan bantuan sebelum diminta pada isu yang terlihat
Orientasi Melayani,2,Menindaklanjuti hingga klien mengonfirmasi masalahnya selesai
Orientasi Melayani,3,Memperjuangkan kepentingan klien di forum internal perusahaan
Orientasi Melayani,3,Mengorbankan kenyamanan pribadi untuk kebutuhan klien yang mendesak
Orientasi Melayani,3,Menjaga transparansi termasuk saat menyampaikan kabar buruk
Orientasi Melayani,4,Menyeimbangkan kepentingan klien dan perusahaan pada keputusan sulit
Orientasi Melayani,4,Menolak permintaan klien dengan cara yang justru memperkuat kepercayaan
Orientasi Melayani,4,Mengubah klien yang kecewa menjadi pendukung aktif
Orientasi Melayani,5,Menanamkan orientasi melayani sebagai budaya kerja tim
Orientasi Melayani,5,Merancang ulang proses internal berdasarkan kebutuhan klien
Orientasi Melayani,5,Menjadi tolok ukur hubungan klien yang dirujuk organisasi
Kepekaan Sosial,1,Mengenali kepuasan atau ketidakpuasan yang dinyatakan secara terbuka
Kepekaan Sosial,1,Menyesuaikan sikap ketika lawan bicara terlihat tidak nyaman
Kepekaan Sosial,1,Menanyakan kabar dan kondisi klien secara wajar
Kepekaan Sosial,2,Menangkap perubahan sikap klien dari satu interaksi ke interaksi berikutnya
Kepekaan Sosial,2,Mengenali kapan bukan waktu yang tepat untuk membahas komersial
Kepekaan Sosial,2,Membedakan keberatan yang serius dari basa-basi
Kepekaan Sosial,3,Membaca dinamika hubungan antar pihak di dalam organisasi klien
Kepekaan Sosial,3,Mengenali motivasi personal di balik posisi yang diambil seseorang
Kepekaan Sosial,3,Menyesuaikan pendekatan berdasarkan tekanan yang sedang dihadapi kontak
Kepekaan Sosial,4,Mengenali pergeseran kekuasaan internal klien sebelum berdampak pada akun
Kepekaan Sosial,4,Mendeteksi ketidakpuasan yang tidak pernah diucapkan secara langsung
Kepekaan Sosial,4,Mengelola hubungan dengan pihak yang berseberangan tanpa kehilangan salah satunya
Kepekaan Sosial,5,Memandu tim membaca peta politik pada akun strategis
Kepekaan Sosial,5,Merancang strategi hubungan multi-pihak untuk akun besar
Kepekaan Sosial,5,Menjadi rujukan dalam menangani situasi antarpribadi yang sensitif
Koordinasi Lintas Fungsi,1,Meneruskan permintaan klien ke tim terkait dengan informasi lengkap
Koordinasi Lintas Fungsi,1,Menghadiri koordinasi internal sesuai jadwal
Koordinasi Lintas Fungsi,1,Memberi kabar kepada klien setelah menerima jawaban internal
Koordinasi Lintas Fungsi,2,Memastikan tindak lanjut internal berjalan tanpa perlu diingatkan klien
Koordinasi Lintas Fungsi,2,Menyelaraskan ekspektasi waktu antara klien dan tim pelaksana
Koordinasi Lintas Fungsi,2,Mendokumentasikan kesepakatan lintas tim secara tertulis
Koordinasi Lintas Fungsi,3,Mengoordinasikan beberapa tim sekaligus untuk menyelesaikan isu klien
Koordinasi Lintas Fungsi,3,Menengahi perbedaan prioritas antara klien dan tim internal
Koordinasi Lintas Fungsi,3,Menjaga satu sumber kebenaran informasi untuk akun yang dipegang
Koordinasi Lintas Fungsi,4,Menyelaraskan rencana pengembangan internal dengan rencana bisnis klien
Koordinasi Lintas Fungsi,4,Mengelola ketergantungan antar tim pada implementasi berskala besar
Koordinasi Lintas Fungsi,4,Mengangkat hambatan struktural ke tingkat yang bisa memutuskan
Koordinasi Lintas Fungsi,5,Membangun mekanisme kolaborasi lintas fungsi untuk akun besar
Koordinasi Lintas Fungsi,5,Menetapkan model tata kelola akun yang dipakai seluruh tim
Koordinasi Lintas Fungsi,5,Menyelaraskan tujuan komersial dan operasional di tingkat organisasi
Pemantauan Kinerja Akun,1,Mencatat status akun secara berkala sesuai format yang ditentukan
Pemantauan Kinerja Akun,1,Melaporkan perkembangan tanpa diminta atasan
Pemantauan Kinerja Akun,1,Mengenali ketika sebuah komitmen belum terpenuhi
Pemantauan Kinerja Akun,2,Meninjau pemakaian dan pencapaian klien pada setiap periode
Pemantauan Kinerja Akun,2,Membandingkan realisasi dengan target yang disepakati
Pemantauan Kinerja Akun,2,Menandai penyimpangan yang perlu perhatian lebih lanjut
Pemantauan Kinerja Akun,3,Mengevaluasi kesenjangan antara yang dijanjikan dan yang terealisasi
Pemantauan Kinerja Akun,3,Menelusuri penyebab penyimpangan hingga ke akarnya
Pemantauan Kinerja Akun,3,Menyesuaikan rencana kerja akun berdasarkan hasil evaluasi
Pemantauan Kinerja Akun,4,Memimpin tinjauan kinerja berkala bersama klien secara terstruktur
Pemantauan Kinerja Akun,4,Mengevaluasi efektivitas tindakan koreksi yang sudah dijalankan
Pemantauan Kinerja Akun,4,Mengidentifikasi pola lintas akun yang menandakan masalah sistemik
Pemantauan Kinerja Akun,5,Menetapkan kerangka evaluasi untuk seluruh portofolio akun
Pemantauan Kinerja Akun,5,Menghubungkan hasil pemantauan dengan keputusan alokasi sumber daya
Pemantauan Kinerja Akun,5,Membangun disiplin evaluasi berbasis bukti di dalam tim
Keandalan,1,Hadir dan merespons sesuai komitmen waktu yang disepakati
Keandalan,1,Menyelesaikan tugas administratif tepat waktu
Keandalan,1,Memberi tahu lebih awal jika ada keterlambatan
Keandalan,2,Menepati janji kecil secara konsisten dari waktu ke waktu
Keandalan,2,Menyelesaikan tindak lanjut tanpa perlu diingatkan
Keandalan,2,Menjaga akurasi informasi yang disampaikan kepada klien
Keandalan,3,Menjadi titik kontak yang bisa diandalkan tanpa pengawasan
Keandalan,3,Mengambil tanggung jawab atas kesalahan dan memperbaikinya
Keandalan,3,Menjaga konsistensi mutu layanan lintas seluruh akun yang dipegang
Keandalan,4,Menepati komitmen meski kondisi berubah atau menjadi sulit
Keandalan,4,Menjadi penjamin kualitas bagi pekerjaan rekan pada akun bersama
Keandalan,4,Menjaga kepercayaan klien melalui masa transisi organisasi
Keandalan,5,Reputasi keandalannya menjadi alasan klien memperpanjang kontrak
Keandalan,5,Menetapkan standar akuntabilitas yang diikuti tim
Keandalan,5,Dipercaya menangani akun paling sensitif bagi perusahaan
Enablement Klien,1,Menunjukkan fungsi dasar produk kepada pengguna klien
Enablement Klien,1,Menjawab pertanyaan cara pakai dengan merujuk dokumentasi
Enablement Klien,1,Menyiapkan materi pelatihan yang sudah tersedia
Enablement Klien,2,Menjalankan sesi pelatihan standar untuk kelompok kecil
Enablement Klien,2,Menyesuaikan kecepatan penyampaian dengan tingkat pemahaman peserta
Enablement Klien,2,Mengumpulkan pertanyaan berulang untuk diteruskan ke tim produk
Enablement Klien,3,Menyesuaikan materi dan contoh kasus dengan konteks bisnis klien
Enablement Klien,3,Mengidentifikasi hambatan adopsi dan merancang cara mengatasinya
Enablement Klien,3,Mengukur pemahaman peserta dan menindaklanjuti yang tertinggal
Enablement Klien,4,Merancang program adopsi bertahap untuk organisasi klien berskala besar
Enablement Klien,4,Melatih pengguna kunci di klien agar bisa mengajar rekannya sendiri
Enablement Klien,4,Menyesuaikan pendekatan pembelajaran untuk peran yang berbeda
Enablement Klien,5,Membangun kurikulum enablement yang direplikasi lintas akun
Enablement Klien,5,Menetapkan standar dan sertifikasi adopsi produk
Enablement Klien,5,Menjadikan enablement sebagai pendorong perpanjangan kontrak
Kemitraan Strategis,1,Menyampaikan informasi produk secara jujur termasuk keterbatasannya
Kemitraan Strategis,1,"Menanyakan sasaran bisnis klien, bukan hanya kebutuhan fitur"
Kemitraan Strategis,1,Mencatat konteks bisnis klien di luar cakupan transaksi berjalan
Kemitraan Strategis,2,Mengaitkan pembahasan produk dengan sasaran bisnis yang disebut klien
Kemitraan Strategis,2,Menyampaikan risiko atau keterbatasan solusi tanpa diminta
Kemitraan Strategis,2,Membagikan informasi yang berguna bagi klien meski tidak menghasilkan penjualan
Kemitraan Strategis,3,Menyarankan klien menunda pembelian ketika kondisinya belum siap
Kemitraan Strategis,3,Membawa perspektif industri yang tidak bisa diperoleh klien dari internal
Kemitraan Strategis,3,Menyampaikan ketidaksetujuan atas rencana klien secara konstruktif
Kemitraan Strategis,4,Diajak berdiskusi oleh klien sebelum kebutuhan resmi dirumuskan
Kemitraan Strategis,4,Menantang asumsi strategis klien dengan data pembanding yang kredibel
Kemitraan Strategis,4,Menjaga hubungan tetap terbuka meski sedang tidak ada transaksi berjalan
Kemitraan Strategis,5,Dilibatkan klien dalam perencanaan tahunan atau penyusunan prioritas strategis
Kemitraan Strategis,5,Mempertemukan klien dengan pihak yang bermanfaat tanpa kepentingan komersial langsung
Kemitraan Strategis,5,Menjadi rujukan tim dalam membangun posisi penasihat pada akun strategis
Rekayasa Perangkat Lunak,1,Menulis kode yang berjalan sesuai spesifikasi yang diberikan
Rekayasa Perangkat Lunak,1,Mengikuti standar penulisan kode yang berlaku di tim
Rekayasa Perangkat Lunak,1,Memakai version control untuk pekerjaan sehari-hari
Rekayasa Perangkat Lunak,2,Menulis pengujian untuk kode yang dibuatnya sendiri
Rekayasa Perangkat Lunak,2,Menelusuri penyebab galat tanpa perlu didampingi
Rekayasa Perangkat Lunak,2,Memecah pekerjaan jadi perubahan kecil yang mudah ditinjau
Rekayasa Perangkat Lunak,3,Meninjau kode rekan dan memberi masukan yang bisa ditindaklanjuti
Rekayasa Perangkat Lunak,3,Menangani kasus rumit yang menyentuh beberapa bagian sistem
Rekayasa Perangkat Lunak,3,Menimbang keterbacaan dan kecepatan saat memilih pendekatan
Rekayasa Perangkat Lunak,4,Merancang penyelesaian untuk masalah yang belum ada contohnya di tim
Rekayasa Perangkat Lunak,4,Menemukan dan melunasi utang teknis yang menghambat pengembangan
Rekayasa Perangkat Lunak,4,Menetapkan standar mutu kode yang diikuti tim
Rekayasa Perangkat Lunak,5,Mengarahkan praktik rekayasa lintas tim
Rekayasa Perangkat Lunak,5,Menilai cara kerja baru dan memutuskan mana yang layak diadopsi
Rekayasa Perangkat Lunak,5,Membimbing engineer lain sampai mandiri menangani kasus rumit
Arsitektur & Rancangan Sistem,1,Menjelaskan susunan komponen sistem yang sedang dikerjakan
Arsitektur & Rancangan Sistem,1,Mengikuti pola rancangan yang sudah ditetapkan
Arsitektur & Rancangan Sistem,1,Membaca dan memahami dokumen rancangan yang ada
Arsitektur & Rancangan Sistem,2,Merancang satu komponen beserta antarmukanya
Arsitektur & Rancangan Sistem,2,Mengenali ketergantungan antar bagian sebelum mengubahnya
Arsitektur & Rancangan Sistem,2,Mendokumentasikan rancangan yang dibuatnya
Arsitektur & Rancangan Sistem,3,Merancang alur antar beberapa komponen sekaligus
Arsitektur & Rancangan Sistem,3,Menimbang pilihan rancangan beserta konsekuensinya
Arsitektur & Rancangan Sistem,3,Mengenali titik yang akan jadi hambatan saat beban bertambah
Arsitektur & Rancangan Sistem,4,Menyusun arsitektur untuk satu ranah produk secara utuh
Arsitektur & Rancangan Sistem,4,Merencanakan migrasi sistem berjalan tanpa menghentikan layanan
Arsitektur & Rancangan Sistem,4,Menetapkan batas tanggung jawab antar tim lewat rancangan
Arsitektur & Rancangan Sistem,5,Menetapkan arah arsitektur jangka panjang perusahaan
Arsitektur & Rancangan Sistem,5,Menilai risiko teknis tingkat organisasi dan menyiapkan mitigasinya
Arsitektur & Rancangan Sistem,5,Menjadi rujukan keputusan arsitektur lintas tim
Keandalan & Operasional Sistem,1,Membaca dasbor pemantauan dan mengenali kondisi tidak wajar
Keandalan & Operasional Sistem,1,Menjalankan prosedur penanganan gangguan yang sudah tertulis
Keandalan & Operasional Sistem,1,Melaporkan gangguan dengan keterangan yang cukup untuk ditindaklanjuti
Keandalan & Operasional Sistem,2,Menangani gangguan rutin tanpa eskalasi
Keandalan & Operasional Sistem,2,Menyiapkan peringatan dini untuk layanan yang jadi tanggung jawabnya
Keandalan & Operasional Sistem,2,Menulis catatan pasca-gangguan yang runtut
Keandalan & Operasional Sistem,3,Memimpin penanganan gangguan yang menyentuh banyak layanan
Keandalan & Operasional Sistem,3,Menelusuri akar masalah sampai ke penyebab sebenarnya
Keandalan & Operasional Sistem,3,Mengubah sistem supaya gangguan serupa tidak terulang
Keandalan & Operasional Sistem,4,Menyusun target keandalan beserta cara mengukurnya
Keandalan & Operasional Sistem,4,Merancang kesiapan sistem menghadapi lonjakan beban
Keandalan & Operasional Sistem,4,Menilai kesiapan operasional sebelum layanan baru dirilis
Keandalan & Operasional Sistem,5,Menetapkan budaya keandalan yang dianut seluruh tim teknologi
Keandalan & Operasional Sistem,5,Menyeimbangkan kecepatan rilis dengan risiko gangguan di tingkat organisasi
Keandalan & Operasional Sistem,5,Membangun kemampuan tim lain dalam menangani gangguan
Keamanan Informasi,1,Mengikuti ketentuan keamanan dasar dalam pekerjaan sehari-hari
Keamanan Informasi,1,Mengenali data yang bersifat rahasia dan memperlakukannya semestinya
Keamanan Informasi,1,Melaporkan hal mencurigakan lewat jalur yang benar
Keamanan Informasi,2,Menerapkan pengendalian akses pada pekerjaan yang dibuatnya
Keamanan Informasi,2,Mengenali celah keamanan yang umum pada kode atau konfigurasi
Keamanan Informasi,2,Memakai perkakas pemindai keamanan yang disediakan
Keamanan Informasi,3,Menilai risiko keamanan sebuah rancangan sebelum dibangun
Keamanan Informasi,3,Menutup celah yang ditemukan beserta pengujian pembuktiannya
Keamanan Informasi,3,Menjelaskan risiko keamanan dengan bahasa yang dipahami non-teknis
Keamanan Informasi,4,Menyusun standar keamanan untuk satu ranah sistem
Keamanan Informasi,4,Merancang tanggapan atas insiden keamanan
Keamanan Informasi,4,Menilai kepatuhan pihak ketiga yang terhubung ke sistem
Keamanan Informasi,5,Menetapkan arah keamanan informasi tingkat organisasi
Keamanan Informasi,5,Menyeimbangkan kebutuhan bisnis dengan risiko keamanan
Keamanan Informasi,5,Membangun kesadaran keamanan di seluruh perusahaan
Pengelolaan Data,1,Mengambil data dengan kueri sederhana sesuai permintaan
Pengelolaan Data,1,Mengenali arti kolom pada tabel yang dipakainya
Pengelolaan Data,1,Menyajikan data dalam bentuk yang mudah dibaca
Pengelolaan Data,2,Menyusun kueri gabungan lintas tabel
Pengelolaan Data,2,Memeriksa kewajaran data sebelum dipakai
Pengelolaan Data,2,Membuat alur pengolahan data yang berjalan berulang
Pengelolaan Data,3,Merancang struktur data untuk kebutuhan baru
Pengelolaan Data,3,Menelusuri sumber ketidakcocokan angka antar laporan
Pengelolaan Data,3,Menjaga alur data tetap berjalan saat sumbernya berubah
Pengelolaan Data,4,Menetapkan definisi baku untuk ukuran yang dipakai bersama
Pengelolaan Data,4,Merancang tata kelola mutu data pada satu ranah
Pengelolaan Data,4,Menilai kelayakan data untuk kebutuhan analitik lanjutan
Pengelolaan Data,5,Menetapkan arah pengelolaan data tingkat organisasi
Pengelolaan Data,5,Menjadikan data sebagai dasar keputusan lintas fungsi
Pengelolaan Data,5,Membangun kemampuan olah data di tim lain
Pelaporan & Standar Akuntansi,1,Mencatat transaksi sesuai klasifikasi yang berlaku
Pelaporan & Standar Akuntansi,1,Menyiapkan berkas pendukung yang lengkap
Pelaporan & Standar Akuntansi,1,Mengikuti tenggat pelaporan yang ditetapkan
Pelaporan & Standar Akuntansi,2,Menyusun rekonsiliasi akun secara mandiri
Pelaporan & Standar Akuntansi,2,Menemukan selisih pencatatan dan menelusurinya
Pelaporan & Standar Akuntansi,2,Menyiapkan bagian laporan berkala tanpa didampingi
Pelaporan & Standar Akuntansi,3,Menyusun laporan keuangan utuh untuk satu periode
Pelaporan & Standar Akuntansi,3,Menerapkan standar akuntansi pada transaksi yang tidak lazim
Pelaporan & Standar Akuntansi,3,Menjelaskan isi laporan kepada pihak non-keuangan
Pelaporan & Standar Akuntansi,4,Menilai dampak perubahan standar terhadap pelaporan perusahaan
Pelaporan & Standar Akuntansi,4,Menyusun kebijakan akuntansi internal
Pelaporan & Standar Akuntansi,4,Memimpin proses tutup buku lintas unit
Pelaporan & Standar Akuntansi,5,Menetapkan kerangka pelaporan keuangan perusahaan
Pelaporan & Standar Akuntansi,5,Menjadi rujukan penafsiran standar bagi seluruh unit
Pelaporan & Standar Akuntansi,5,Menjaga kepercayaan auditor dan pemangku kepentingan luar
Analisis & Perencanaan Keuangan,1,Menghimpun data realisasi anggaran
Analisis & Perencanaan Keuangan,1,Menghitung selisih anggaran terhadap rencana
Analisis & Perencanaan Keuangan,1,Menyajikan angka dalam format yang diminta
Analisis & Perencanaan Keuangan,2,Menjelaskan penyebab selisih anggaran
Analisis & Perencanaan Keuangan,2,Menyusun proyeksi sederhana berdasarkan tren
Analisis & Perencanaan Keuangan,2,Menyiapkan bahan rapat anggaran unit
Analisis & Perencanaan Keuangan,3,Menyusun model keuangan untuk satu inisiatif
Analisis & Perencanaan Keuangan,3,Menilai kelayakan belanja modal beserta asumsinya
Analisis & Perencanaan Keuangan,3,Menyusun anggaran satu unit secara utuh
Analisis & Perencanaan Keuangan,4,Menyusun rencana keuangan lintas unit
Analisis & Perencanaan Keuangan,4,Menguji ketahanan rencana lewat beberapa skenario
Analisis & Perencanaan Keuangan,4,Mengarahkan alokasi sumber daya berdasarkan hasil analisis
Analisis & Perencanaan Keuangan,5,Menetapkan arah perencanaan keuangan perusahaan
Analisis & Perencanaan Keuangan,5,Menjadi mitra pikir direksi dalam keputusan besar
Analisis & Perencanaan Keuangan,5,Menghubungkan rencana keuangan dengan strategi jangka panjang
Pengendalian & Kepatuhan,1,Menjalankan prosedur pengendalian yang sudah ditetapkan
Pengendalian & Kepatuhan,1,Menyiapkan dokumen kepatuhan yang diminta
Pengendalian & Kepatuhan,1,Mengenali kewajiban pajak yang rutin
Pengendalian & Kepatuhan,2,Memeriksa kelengkapan bukti sesuai ketentuan
Pengendalian & Kepatuhan,2,Menghitung kewajiban pajak berkala
Pengendalian & Kepatuhan,2,Melaporkan penyimpangan prosedur yang ditemuinya
Pengendalian & Kepatuhan,3,Menilai kecukupan pengendalian pada satu proses
Pengendalian & Kepatuhan,3,Menangani pemeriksaan dari pihak luar
Pengendalian & Kepatuhan,3,Menutup temuan audit beserta perbaikan prosesnya
Pengendalian & Kepatuhan,4,Merancang pengendalian internal untuk proses baru
Pengendalian & Kepatuhan,4,Menilai risiko kepatuhan pada rencana bisnis
Pengendalian & Kepatuhan,4,Menyusun kebijakan perpajakan perusahaan
Pengendalian & Kepatuhan,5,Menetapkan kerangka pengendalian dan kepatuhan perusahaan
Pengendalian & Kepatuhan,5,Menyeimbangkan kelincahan bisnis dengan risiko kepatuhan
Pengendalian & Kepatuhan,5,Menjaga hubungan dengan otoritas dan auditor
Perbaikan Proses,1,Menjalankan proses kerja sesuai prosedur
Perbaikan Proses,1,Mencatat hambatan yang ditemui saat bekerja
Perbaikan Proses,1,Mengenali langkah kerja yang jadi tanggung jawabnya
Perbaikan Proses,2,Memetakan alur kerja satu proses
Perbaikan Proses,2,Mengusulkan perbaikan kecil dari pengalaman lapangan
Perbaikan Proses,2,Mengukur waktu dan hasil satu proses
Perbaikan Proses,3,Menemukan akar pemborosan pada proses berjalan
Perbaikan Proses,3,Merancang perbaikan proses beserta cara mengukurnya
Perbaikan Proses,3,Menjalankan uji coba perbaikan pada lingkup terbatas
Perbaikan Proses,4,Merancang ulang proses lintas unit
Perbaikan Proses,4,Menilai dampak perubahan proses terhadap mutu dan biaya
Perbaikan Proses,4,Menjadikan perbaikan bertahan lewat standar baru
Perbaikan Proses,5,Menetapkan arah keunggulan operasional perusahaan
Perbaikan Proses,5,Membangun kebiasaan perbaikan berkelanjutan di seluruh unit
Perbaikan Proses,5,Menyeimbangkan efisiensi dengan mutu layanan di tingkat organisasi
Kendali Mutu,1,Memeriksa hasil kerja terhadap daftar periksa yang ada
Kendali Mutu,1,Mencatat temuan ketidaksesuaian
Kendali Mutu,1,Mengikuti prosedur penanganan produk cacat
Kendali Mutu,2,Menilai mutu dengan ukuran yang ditetapkan
Kendali Mutu,2,Menelusuri penyebab langsung ketidaksesuaian
Kendali Mutu,2,Menyiapkan laporan mutu berkala
Kendali Mutu,3,Menganalisis pola ketidaksesuaian yang berulang
Kendali Mutu,3,Menyusun tindakan perbaikan beserta pemantauannya
Kendali Mutu,3,Melatih rekan menerapkan standar mutu
Kendali Mutu,4,Menyusun standar mutu untuk satu lini kerja
Kendali Mutu,4,Menilai kesiapan mutu sebelum layanan diluncurkan
Kendali Mutu,4,Menghubungkan data mutu dengan keputusan operasional
Kendali Mutu,5,Menetapkan sistem mutu tingkat perusahaan
Kendali Mutu,5,Menjadikan mutu sebagai ukuran kinerja lintas unit
Kendali Mutu,5,Mewakili perusahaan dalam sertifikasi dan audit mutu
Manajemen Rantai Pasok,1,Mencatat penerimaan dan pengeluaran barang dengan tertib
Manajemen Rantai Pasok,1,Menyiapkan dokumen pengadaan rutin
Manajemen Rantai Pasok,1,Memantau tingkat persediaan terhadap batas yang ditetapkan
Manajemen Rantai Pasok,2,Menyusun rencana kebutuhan berdasarkan permintaan
Manajemen Rantai Pasok,2,Membandingkan penawaran pemasok pada kriteria yang jelas
Manajemen Rantai Pasok,2,Menangani keterlambatan pasokan dengan prosedur yang ada
Manajemen Rantai Pasok,3,Menegosiasikan syarat dengan pemasok
Manajemen Rantai Pasok,3,Menilai kinerja pemasok berdasarkan data
Manajemen Rantai Pasok,3,Menyeimbangkan biaya persediaan dengan risiko kekosongan
Manajemen Rantai Pasok,4,Merancang strategi pasokan untuk satu kategori
Manajemen Rantai Pasok,4,Menyiapkan rencana cadangan atas risiko pasokan
Manajemen Rantai Pasok,4,Menyusun kemitraan jangka panjang dengan pemasok utama
Manajemen Rantai Pasok,5,Menetapkan arah rantai pasok perusahaan
Manajemen Rantai Pasok,5,Menilai risiko rantai pasok tingkat organisasi
Manajemen Rantai Pasok,5,Menghubungkan keputusan pasokan dengan strategi bisnis
Rekrutmen & Seleksi,1,Memasang lowongan sesuai ketentuan yang berlaku
Rekrutmen & Seleksi,1,Menyaring lamaran terhadap syarat minimum
Rekrutmen & Seleksi,1,Mengatur jadwal wawancara dengan tertib
Rekrutmen & Seleksi,2,Mencari kandidat aktif lewat beberapa kanal
Rekrutmen & Seleksi,2,Melakukan wawancara awal dengan panduan yang ada
Rekrutmen & Seleksi,2,Menyiapkan ringkasan kandidat yang berguna bagi pengguna
Rekrutmen & Seleksi,3,Menggali bukti perilaku lewat wawancara terstruktur
Rekrutmen & Seleksi,3,Menilai kecocokan kandidat dengan kebutuhan jabatan
Rekrutmen & Seleksi,3,Meyakinkan kandidat yang diincar untuk bergabung
Rekrutmen & Seleksi,4,Merancang proses seleksi untuk jabatan yang sulit diisi
Rekrutmen & Seleksi,4,Menilai mutu proses rekrutmen lewat data
Rekrutmen & Seleksi,4,Membangun jalur kandidat sebelum kebutuhan muncul
Rekrutmen & Seleksi,5,Menetapkan strategi pemenuhan talenta perusahaan
Rekrutmen & Seleksi,5,Membangun citra perusahaan sebagai tempat kerja pilihan
Rekrutmen & Seleksi,5,Mengembangkan kemampuan mewawancara di seluruh jajaran
Pengembangan Talenta,1,Menjalankan program pengembangan yang sudah dirancang
Pengembangan Talenta,1,Mencatat kehadiran dan hasil pelatihan
Pengembangan Talenta,1,Mengumpulkan masukan peserta
Pengembangan Talenta,2,Mengenali kebutuhan pengembangan dari hasil penilaian
Pengembangan Talenta,2,Menyiapkan materi pengembangan untuk kebutuhan sederhana
Pengembangan Talenta,2,Mendampingi karyawan menyusun rencana pengembangan diri
Pengembangan Talenta,3,Merancang program pengembangan untuk satu kelompok jabatan
Pengembangan Talenta,3,Mengukur dampak program terhadap kinerja
Pengembangan Talenta,3,Memfasilitasi pembahasan talenta bersama atasan unit
Pengembangan Talenta,4,Menyusun peta talenta dan rencana suksesi satu unit
Pengembangan Talenta,4,Merancang jalur karier antar jabatan
Pengembangan Talenta,4,Menilai kesiapan calon penerus jabatan kunci
Pengembangan Talenta,5,Menetapkan arah pengembangan talenta perusahaan
Pengembangan Talenta,5,Menjaga ketersediaan penerus untuk jabatan kunci
Pengembangan Talenta,5,Menjadikan pengembangan bagian dari cara kerja para pemimpin
Manajemen Kinerja & Remunerasi,1,Menjalankan siklus penilaian sesuai jadwal
Manajemen Kinerja & Remunerasi,1,Menghimpun data kinerja dari unit
Manajemen Kinerja & Remunerasi,1,Menyiapkan administrasi imbalan dengan teliti
Manajemen Kinerja & Remunerasi,2,Menjelaskan mekanisme penilaian kepada karyawan
Manajemen Kinerja & Remunerasi,2,Memeriksa kewajaran sasaran kerja yang disusun unit
Manajemen Kinerja & Remunerasi,2,Menghitung komponen imbalan sesuai kebijakan
Manajemen Kinerja & Remunerasi,3,Mendampingi atasan menyusun sasaran yang terukur
Manajemen Kinerja & Remunerasi,3,Menengahi perbedaan pandangan atas hasil penilaian
Manajemen Kinerja & Remunerasi,3,Membandingkan imbalan perusahaan dengan pasar
Manajemen Kinerja & Remunerasi,4,Merancang kebijakan penilaian kinerja satu ranah
Manajemen Kinerja & Remunerasi,4,Menyusun struktur imbalan untuk kelompok jabatan
Manajemen Kinerja & Remunerasi,4,Menilai keterkaitan kinerja dengan imbalan lewat data
Manajemen Kinerja & Remunerasi,5,Menetapkan kerangka kinerja dan imbalan perusahaan
Manajemen Kinerja & Remunerasi,5,Menjaga keadilan internal sekaligus daya saing eksternal
Manajemen Kinerja & Remunerasi,5,Mengarahkan perubahan budaya kinerja di seluruh organisasi
Analisis Strategis,1,Menghimpun data pasar dan pesaing dari sumber yang tersedia
Analisis Strategis,1,Merangkum temuan dalam format yang diminta
Analisis Strategis,1,Mengenali istilah dan ukuran yang dipakai di industrinya
Analisis Strategis,2,Membandingkan posisi perusahaan terhadap pesaing utama
Analisis Strategis,2,Menyusun analisis sederhana beserta sumbernya
Analisis Strategis,2,Menandai perubahan pasar yang perlu diperhatikan
Analisis Strategis,3,Menyusun pilihan strategis beserta konsekuensinya
Analisis Strategis,3,Menguji asumsi yang mendasari sebuah rencana
Analisis Strategis,3,Menyajikan analisis kepada pengambil keputusan
Analisis Strategis,4,Menyusun skenario jangka menengah beserta pemicunya
Analisis Strategis,4,Menilai peluang masuk ke ranah baru
Analisis Strategis,4,Menghubungkan analisis dengan alokasi sumber daya
Analisis Strategis,5,Menetapkan arah strategis perusahaan bersama direksi
Analisis Strategis,5,Menjaga strategi tetap relevan saat lanskap berubah
Analisis Strategis,5,Membangun cara berpikir strategis di jajaran pemimpin
Tata Kelola & Manajemen Risiko,1,Mengikuti mekanisme persetujuan yang berlaku
Tata Kelola & Manajemen Risiko,1,Menyiapkan dokumen tata kelola yang diminta
Tata Kelola & Manajemen Risiko,1,Mencatat risiko yang ditemui dalam pekerjaannya
Tata Kelola & Manajemen Risiko,2,Menjelaskan mekanisme tata kelola kepada rekan kerja
Tata Kelola & Manajemen Risiko,2,Menilai risiko satu kegiatan dengan panduan yang ada
Tata Kelola & Manajemen Risiko,2,Memantau tindak lanjut atas risiko yang tercatat
Tata Kelola & Manajemen Risiko,3,Menyusun peta risiko satu ranah beserta mitigasinya
Tata Kelola & Manajemen Risiko,3,Menilai kepatuhan proses terhadap kebijakan
Tata Kelola & Manajemen Risiko,3,Menyiapkan bahan keputusan bagi forum tata kelola
Tata Kelola & Manajemen Risiko,4,Merancang kebijakan tata kelola untuk kebutuhan baru
Tata Kelola & Manajemen Risiko,4,Menilai risiko rencana strategis sebelum diputuskan
Tata Kelola & Manajemen Risiko,4,Menyeimbangkan pengendalian dengan kecepatan bisnis
Tata Kelola & Manajemen Risiko,5,Menetapkan kerangka tata kelola dan risiko perusahaan
Tata Kelola & Manajemen Risiko,5,Menjaga akuntabilitas keputusan di seluruh jajaran
Tata Kelola & Manajemen Risiko,5,Mewakili perusahaan di hadapan regulator dan pemegang saham
Strategi Merek & Komunikasi,1,Menerapkan panduan merek pada materi yang dibuatnya
Strategi Merek & Komunikasi,1,Menyiapkan materi komunikasi sesuai arahan
Strategi Merek & Komunikasi,1,Mengenali pesan utama merek perusahaan
Strategi Merek & Komunikasi,2,Menyusun materi komunikasi untuk satu kanal
Strategi Merek & Komunikasi,2,Menjaga konsistensi nada dan tampilan antar materi
Strategi Merek & Komunikasi,2,Menyesuaikan pesan dengan khalayak yang dituju
Strategi Merek & Komunikasi,3,Menyusun narasi kampanye beserta alasan di baliknya
Strategi Merek & Komunikasi,3,Menilai efektivitas pesan lewat tanggapan khalayak
Strategi Merek & Komunikasi,3,Mengarahkan mitra kreatif agar hasilnya sesuai maksud
Strategi Merek & Komunikasi,4,Menyusun posisi merek untuk satu lini produk
Strategi Merek & Komunikasi,4,Merancang kampanye lintas kanal beserta ukurannya
Strategi Merek & Komunikasi,4,Menjaga merek saat menghadapi situasi sulit
Strategi Merek & Komunikasi,5,Menetapkan arah merek perusahaan
Strategi Merek & Komunikasi,5,Menjaga kesatuan merek di seluruh unit dan mitra
Strategi Merek & Komunikasi,5,Menghubungkan kekuatan merek dengan hasil bisnis
Pemasaran Digital & Analitik,1,Menjalankan kegiatan kanal digital sesuai rencana
Pemasaran Digital & Analitik,1,Menyiapkan materi sesuai ketentuan tiap kanal
Pemasaran Digital & Analitik,1,Membaca laporan kinerja dasar kanal
Pemasaran Digital & Analitik,2,Menyiapkan dan menayangkan kampanye berbayar sederhana
Pemasaran Digital & Analitik,2,Memantau ukuran kinerja harian dan menandai kejanggalan
Pemasaran Digital & Analitik,2,Menyusun laporan kinerja berkala
Pemasaran Digital & Analitik,3,Menganalisis kinerja kampanye sampai ke tingkat konversi
Pemasaran Digital & Analitik,3,Menjalankan uji pembanding untuk memperbaiki hasil
Pemasaran Digital & Analitik,3,Menyesuaikan alokasi belanja berdasarkan data
Pemasaran Digital & Analitik,4,Merancang bauran kanal untuk sasaran pertumbuhan
Pemasaran Digital & Analitik,4,Menyusun model pengukuran dampak pemasaran
Pemasaran Digital & Analitik,4,Menilai kelayakan kanal baru sebelum digarap
Pemasaran Digital & Analitik,5,Menetapkan strategi pemasaran digital perusahaan
Pemasaran Digital & Analitik,5,Menghubungkan investasi pemasaran dengan pendapatan
Pemasaran Digital & Analitik,5,Membangun kemampuan analitik pemasaran di tim
Riset Pasar & Wawasan Pelanggan,1,Menghimpun data pelanggan dari sumber yang tersedia
Riset Pasar & Wawasan Pelanggan,1,Menyiapkan kuesioner sederhana sesuai arahan
Riset Pasar & Wawasan Pelanggan,1,Merangkum hasil pengumpulan data
Riset Pasar & Wawasan Pelanggan,2,Menjalankan wawancara pelanggan dengan panduan
Riset Pasar & Wawasan Pelanggan,2,Mengolah hasil survei jadi temuan yang terbaca
Riset Pasar & Wawasan Pelanggan,2,Mengenali pola keluhan dan permintaan yang berulang
Riset Pasar & Wawasan Pelanggan,3,Merancang riset untuk menjawab pertanyaan bisnis tertentu
Riset Pasar & Wawasan Pelanggan,3,Menerjemahkan temuan riset jadi usulan tindakan
Riset Pasar & Wawasan Pelanggan,3,Menguji dugaan tentang pelanggan lewat data
Riset Pasar & Wawasan Pelanggan,4,Menyusun segmentasi pelanggan beserta implikasinya
Riset Pasar & Wawasan Pelanggan,4,Menilai peluang produk baru dari sisi kebutuhan pasar
Riset Pasar & Wawasan Pelanggan,4,Menghubungkan wawasan pelanggan dengan keputusan produk
Riset Pasar & Wawasan Pelanggan,5,Menetapkan agenda riset pasar perusahaan
Riset Pasar & Wawasan Pelanggan,5,Menjadikan wawasan pelanggan dasar keputusan lintas fungsi
Riset Pasar & Wawasan Pelanggan,5,Membangun kebiasaan mendengarkan pelanggan di seluruh tim
