position,aspect
Head of Engineering,Mendengar Aktif
Head of Engineering,Inisiatif
Head of Engineering,Keandalan
Head of Engineering,Koordinasi Lintas Fungsi
Head of Engineering,Ketahanan Tekanan
Head of Engineering,Kegigihan
Head of Engineering,Pemantauan Kinerja Akun
Head of Engineering,Rekayasa Perangkat Lunak
Head of Engineering,Arsitektur & Rancangan Sistem
Head of Engineering,Keandalan & Operasional Sistem
Head of Engineering,Keamanan Informasi
Head of Engineering,Pengelolaan Data
Senior Engineer,Mendengar Aktif
Senior Engineer,Inisiatif
Senior Engineer,Keandalan
Senior Engineer,Koordinasi Lintas Fungsi
Senior Engineer,Ketahanan Tekanan
Senior Engineer,Kegigihan
Senior Engineer,Pemantauan Kinerja Akun
Senior Engineer,Rekayasa Perangkat Lunak
Senior Engineer,Arsitektur & Rancangan Sistem
Senior Engineer,Keandalan & Operasional Sistem
Senior Engineer,Keamanan Informasi
Senior Engineer,Pengelolaan Data
Frontend Lead,Mendengar Aktif
Frontend Lead,Inisiatif
Frontend Lead,Keandalan
Frontend Lead,Koordinasi Lintas Fungsi
Frontend Lead,Ketahanan Tekanan
Frontend Lead,Kegigihan
Frontend Lead,Pemantauan Kinerja Akun
Frontend Lead,Rekayasa Perangkat Lunak
Frontend Lead,Arsitektur & Rancangan Sistem
Frontend Lead,Keandalan & Operasional Sistem
Frontend Lead,Keamanan Informasi
Frontend Lead,Pengelolaan Data
Backend Lead,Mendengar Aktif
Backend Lead,Inisiatif
Backend Lead,Keandalan
Backend Lead,Koordinasi Lintas Fungsi
Backend Lead,Ketahanan Tekanan
Backend Lead,Kegigihan
Backend Lead,Pemantauan Kinerja Akun
Backend Lead,Rekayasa Perangkat Lunak
Backend Lead,Arsitektur & Rancangan Sistem
Backend Lead,Keandalan & Operasional Sistem
Backend Lead,Keamanan Informasi
Backend Lead,Pengelolaan Data
Chief Executive Officer,Mendengar Aktif
Chief Executive Officer,Inisiatif
Chief Executive Officer,Kemitraan Strategis
Chief Executive Officer,Koordinasi Lintas Fungsi
Chief Executive Officer,Pemantauan Kinerja Akun
Chief Executive Officer,Persuasi
Chief Executive Officer,Ketahanan Tekanan
Chief Executive Officer,Analisis Strategis
Chief Executive Officer,Tata Kelola & Manajemen Risiko
Chief Executive Officer,Pemahaman Organisasi Klien
Chief Executive Officer,Ketajaman Komersial
Chief Strategy Officer,Mendengar Aktif
Chief Strategy Officer,Inisiatif
Chief Strategy Officer,Kemitraan Strategis
Chief Strategy Officer,Koordinasi Lintas Fungsi
Chief Strategy Officer,Pemantauan Kinerja Akun
Chief Strategy Officer,Persuasi
Chief Strategy Officer,Ketahanan Tekanan
Chief Strategy Officer,Analisis Strategis
Chief Strategy Officer,Tata Kelola & Manajemen Risiko
Chief Strategy Officer,Pemahaman Organisasi Klien
Chief Strategy Officer,Ketajaman Komersial
VP Corporate Strategy,Mendengar Aktif
VP Corporate Strategy,Inisiatif
VP Corporate Strategy,Kemitraan Strategis
VP Corporate Strategy,Koordinasi Lintas Fungsi
VP Corporate Strategy,Pemantauan Kinerja Akun
VP Corporate Strategy,Persuasi
VP Corporate Strategy,Ketahanan Tekanan
VP Corporate Strategy,Analisis Strategis
VP Corporate Strategy,Tata Kelola & Manajemen Risiko
VP Corporate Strategy,Pemahaman Organisasi Klien
VP Corporate Strategy,Ketajaman Komersial
Head of Governance,Mendengar Aktif
Head of Governance,Inisiatif
Head of Governance,Kemitraan Strategis
Head of Governance,Koordinasi Lintas Fungsi
Head of Governance,Pemantauan Kinerja Akun
Head of Governance,Persuasi
Head of Governance,Ketahanan Tekanan
Head of Governance,Analisis Strategis
Head of Governance,Tata Kelola & Manajemen Risiko
Head of Governance,Pemahaman Organisasi Klien
Head of Governance,Ketajaman Komersial
Head of Finance,Mendengar Aktif
Head of Finance,Keandalan
Head of Finance,Pemantauan Kinerja Akun
Head of Finance,Koordinasi Lintas Fungsi
Head of Finance,Kepekaan Sosial
Head of Finance,Inisiatif
Head of Finance,Ketahanan Tekanan
Head of Finance,Pelaporan & Standar Akuntansi
Head of Finance,Analisis & Perencanaan Keuangan
Head of Finance,Pengendalian & Kepatuhan
Head of Finance,Pengelolaan Data
Senior Finance Analyst,Mendengar Aktif
Senior Finance Analyst,Keandalan
Senior Finance Analyst,Pemantauan Kinerja Akun
Senior Finance Analyst,Koordinasi Lintas Fungsi
Senior Finance Analyst,Kepekaan Sosial
Senior Finance Analyst,Inisiatif
Senior Finance Analyst,Ketahanan Tekanan
Senior Finance Analyst,Pelaporan & Standar Akuntansi
Senior Finance Analyst,Analisis & Perencanaan Keuangan
Senior Finance Analyst,Pengendalian & Kepatuhan
Senior Finance Analyst,Pengelolaan Data
Finance Analyst,Mendengar Aktif
Finance Analyst,Keandalan
Finance Analyst,Pemantauan Kinerja Akun
Finance Analyst,Koordinasi Lintas Fungsi
Finance Analyst,Kepekaan Sosial
Finance Analyst,Inisiatif
Finance Analyst,Ketahanan Tekanan
Finance Analyst,Pelaporan & Standar Akuntansi
Finance Analyst,Analisis & Perencanaan Keuangan
Finance Analyst,Pengendalian & Kepatuhan
Finance Analyst,Pengelolaan Data
Controller,Mendengar Aktif
Controller,Keandalan
Controller,Pemantauan Kinerja Akun
Controller,Koordinasi Lintas Fungsi
Controller,Kepekaan Sosial
Controller,Inisiatif
Controller,Ketahanan Tekanan
Controller,Pelaporan & Standar Akuntansi
Controller,Analisis & Perencanaan Keuangan
Controller,Pengendalian & Kepatuhan
Controller,Pengelolaan Data
HR Business Partner,Mendengar Aktif
HR Business Partner,Kepekaan Sosial
HR Business Partner,Orientasi Melayani
HR Business Partner,Enablement Klien
HR Business Partner,Koordinasi Lintas Fungsi
HR Business Partner,Keandalan
HR Business Partner,Pemantauan Kinerja Akun
HR Business Partner,Negosiasi
HR Business Partner,Rekrutmen & Seleksi
HR Business Partner,Pengembangan Talenta
HR Business Partner,Manajemen Kinerja & Remunerasi
HR Manager,Mendengar Aktif
HR Manager,Kepekaan Sosial
HR Manager,Orientasi Melayani
HR Manager,Enablement Klien
HR Manager,Koordinasi Lintas Fungsi
HR Manager,Keandalan
HR Manager,Pemantauan Kinerja Akun
HR Manager,Negosiasi
HR Manager,Rekrutmen & Seleksi
HR Manager,Pengembangan Talenta
HR Manager,Manajemen Kinerja & Remunerasi
Talent Acquisition Lead,Mendengar Aktif
Talent Acquisition Lead,Kepekaan Sosial
Talent Acquisition Lead,Orientasi Melayani
Talent Acquisition Lead,Enablement Klien
Talent Acquisition Lead,Koordinasi Lintas Fungsi
Talent Acquisition Lead,Keandalan
Talent Acquisition Lead,Pemantauan Kinerja Akun
Talent Acquisition Lead,Negosiasi
Talent Acquisition Lead,Rekrutmen & Seleksi
Talent Acquisition Lead,Pengembangan Talenta
Talent Acquisition Lead,Manajemen Kinerja & Remunerasi
People Ops Specialist,Mendengar Aktif
People Ops Specialist,Kepekaan Sosial
People Ops Specialist,Orientasi Melayani
People Ops Specialist,Enablement Klien
People Ops Specialist,Koordinasi Lintas Fungsi
People Ops Specialist,Keandalan
People Ops Specialist,Pemantauan Kinerja Akun
People Ops Specialist,Negosiasi
People Ops Specialist,Rekrutmen & Seleksi
People Ops Specialist,Pengembangan Talenta
People Ops Specialist,Manajemen Kinerja & Remunerasi
VP Operations,Keandalan
VP Operations,Koordinasi Lintas Fungsi
VP Operations,Pemantauan Kinerja Akun
VP Operations,Inisiatif
VP Operations,Mendengar Aktif
VP Operations,Ketahanan Tekanan
VP Operations,Orientasi Melayani
VP Operations,Perbaikan Proses
VP Operations,Kendali Mutu
VP Operations,Manajemen Rantai Pasok
VP Operations,Pengelolaan Data
Operations Manager,Keandalan
Operations Manager,Koordinasi Lintas Fungsi
Operations Manager,Pemantauan Kinerja Akun
Operations Manager,Inisiatif
Operations Manager,Mendengar Aktif
Operations Manager,Ketahanan Tekanan
Operations Manager,Orientasi Melayani
Operations Manager,Perbaikan Proses
Operations Manager,Kendali Mutu
Operations Manager,Manajemen Rantai Pasok
Operations Manager,Pengelolaan Data
Supply Chain Lead,Keandalan
Supply Chain Lead,Koordinasi Lintas Fungsi
Supply Chain Lead,Pemantauan Kinerja Akun
Supply Chain Lead,Inisiatif
Supply Chain Lead,Mendengar Aktif
Supply Chain Lead,Ketahanan Tekanan
Supply Chain Lead,Orientasi Melayani
Supply Chain Lead,Perbaikan Proses
Supply Chain Lead,Kendali Mutu
Supply Chain Lead,Manajemen Rantai Pasok
Supply Chain Lead,Pengelolaan Data
Operations Analyst,Keandalan
Operations Analyst,Koordinasi Lintas Fungsi
Operations Analyst,Pemantauan Kinerja Akun
Operations Analyst,Inisiatif
Operations Analyst,Mendengar Aktif
Operations Analyst,Ketahanan Tekanan
Operations Analyst,Orientasi Melayani
Operations Analyst,Perbaikan Proses
Operations Analyst,Kendali Mutu
Operations Analyst,Manajemen Rantai Pasok
Operations Analyst,Pengelolaan Data
Head of Marketing,Mendengar Aktif
Head of Marketing,Inisiatif
Head of Marketing,Persuasi
Head of Marketing,Koordinasi Lintas Fungsi
Head of Marketing,Kepekaan Sosial
Head of Marketing,Kemitraan Strategis
Head of Marketing,Pemantauan Kinerja Akun
Head of Marketing,Strategi Merek & Komunikasi
Head of Marketing,Pemasaran Digital & Analitik
Head of Marketing,Riset Pasar & Wawasan Pelanggan
Head of Marketing,Penguasaan Produk & Pasar
Head of Marketing,Ketajaman Komersial
Senior Marketing Manager,Mendengar Aktif
Senior Marketing Manager,Inisiatif
Senior Marketing Manager,Persuasi
Senior Marketing Manager,Koordinasi Lintas Fungsi
Senior Marketing Manager,Kepekaan Sosial
Senior Marketing Manager,Kemitraan Strategis
Senior Marketing Manager,Pemantauan Kinerja Akun
Senior Marketing Manager,Strategi Merek & Komunikasi
Senior Marketing Manager,Pemasaran Digital & Analitik
Senior Marketing Manager,Riset Pasar & Wawasan Pelanggan
Senior Marketing Manager,Penguasaan Produk & Pasar
Senior Marketing Manager,Ketajaman Komersial
Brand Manager,Mendengar Aktif
Brand Manager,Inisiatif
Brand Manager,Persuasi
Brand Manager,Koordinasi Lintas Fungsi
Brand Manager,Kepekaan Sosial
Brand Manager,Kemitraan Strategis
Brand Manager,Pemantauan Kinerja Akun
Brand Manager,Strategi Merek & Komunikasi
Brand Manager,Pemasaran Digital & Analitik
Brand Manager,Riset Pasar & Wawasan Pelanggan
Brand Manager,Penguasaan Produk & Pasar
Brand Manager,Ketajaman Komersial
Growth Marketing Lead,Mendengar Aktif
Growth Marketing Lead,Inisiatif
Growth Marketing Lead,Persuasi
Growth Marketing Lead,Koordinasi Lintas Fungsi
Growth Marketing Lead,Kepekaan Sosial
Growth Marketing Lead,Kemitraan Strategis
Growth Marketing Lead,Pemantauan Kinerja Akun
Growth Marketing Lead,Strategi Merek & Komunikasi
Growth Marketing Lead,Pemasaran Digital & Analitik
Growth Marketing Lead,Riset Pasar & Wawasan Pelanggan
Growth Marketing Lead,Penguasaan Produk & Pasar
Growth Marketing Lead,Ketajaman Komersial
Senior Brand Strategist,Mendengar Aktif
Senior Brand Strategist,Inisiatif
Senior Brand Strategist,Persuasi
Senior Brand Strategist,Koordinasi Lintas Fungsi
Senior Brand Strategist,Kepekaan Sosial
Senior Brand Strategist,Kemitraan Strategis
Senior Brand Strategist,Pemantauan Kinerja Akun
Senior Brand Strategist,Strategi Merek & Komunikasi
Senior Brand Strategist,Pemasaran Digital & Analitik
Senior Brand Strategist,Riset Pasar & Wawasan Pelanggan
Senior Brand Strategist,Penguasaan Produk & Pasar
Senior Brand Strategist,Ketajaman Komersial
Chief Revenue Officer,Mendengar Aktif
Chief Revenue Officer,Inisiatif
Chief Revenue Officer,Persuasi
Chief Revenue Officer,Koordinasi Lintas Fungsi
Chief Revenue Officer,Kepekaan Sosial
Chief Revenue Officer,Kemitraan Strategis
Chief Revenue Officer,Pemantauan Kinerja Akun
Chief Revenue Officer,Strategi Merek & Komunikasi
Chief Revenue Officer,Pemasaran Digital & Analitik
Chief Revenue Officer,Riset Pasar & Wawasan Pelanggan
Chief Revenue Officer,Penguasaan Produk & Pasar
Chief Revenue Officer,Ketajaman Komersial
Creative Director,Mendengar Aktif
Creative Director,Inisiatif
Creative Director,Persuasi
Creative Director,Koordinasi Lintas Fungsi
Creative Director,Kepekaan Sosial
Creative Director,Kemitraan Strategis
Creative Director,Pemantauan Kinerja Akun
Creative Director,Strategi Merek & Komunikasi
Creative Director,Pemasaran Digital & Analitik
Creative Director,Riset Pasar & Wawasan Pelanggan
Creative Director,Penguasaan Produk & Pasar
Creative Director,Ketajaman Komersial
Principal Engineer,Mendengar Aktif
Principal Engineer,Inisiatif
Principal Engineer,Keandalan
Principal Engineer,Koordinasi Lintas Fungsi
Principal Engineer,Ketahanan Tekanan
Principal Engineer,Kegigihan
Principal Engineer,Pemantauan Kinerja Akun
Principal Engineer,Rekayasa Perangkat Lunak
Principal Engineer,Arsitektur & Rancangan Sistem
Principal Engineer,Keandalan & Operasional Sistem
Principal Engineer,Keamanan Informasi
Principal Engineer,Pengelolaan Data
Operations Strategist,Keandalan
Operations Strategist,Koordinasi Lintas Fungsi
Operations Strategist,Pemantauan Kinerja Akun
Operations Strategist,Inisiatif
Operations Strategist,Mendengar Aktif
Operations Strategist,Ketahanan Tekanan
Operations Strategist,Orientasi Melayani
Operations Strategist,Perbaikan Proses
Operations Strategist,Kendali Mutu
Operations Strategist,Manajemen Rantai Pasok
Operations Strategist,Pengelolaan Data
Growth Marketing Manager,Mendengar Aktif
Growth Marketing Manager,Inisiatif
Growth Marketing Manager,Persuasi
Growth Marketing Manager,Koordinasi Lintas Fungsi
Growth Marketing Manager,Kepekaan Sosial
Growth Marketing Manager,Kemitraan Strategis
Growth Marketing Manager,Pemantauan Kinerja Akun
Growth Marketing Manager,Strategi Merek & Komunikasi
Growth Marketing Manager,Pemasaran Digital & Analitik
Growth Marketing Manager,Riset Pasar & Wawasan Pelanggan
Growth Marketing Manager,Penguasaan Produk & Pasar
Growth Marketing Manager,Ketajaman Komersial
Senior Finance Manager,Mendengar Aktif
Senior Finance Manager,Keandalan
Senior Finance Manager,Pemantauan Kinerja Akun
Senior Finance Manager,Koordinasi Lintas Fungsi
Senior Finance Manager,Kepekaan Sosial
Senior Finance Manager,Inisiatif
Senior Finance Manager,Ketahanan Tekanan
Senior Finance Manager,Pelaporan & Standar Akuntansi
Senior Finance Manager,Analisis & Perencanaan Keuangan
Senior Finance Manager,Pengendalian & Kepatuhan
Senior Finance Manager,Pengelolaan Data
Supply Chain Manager,Keandalan
Supply Chain Manager,Koordinasi Lintas Fungsi
Supply Chain Manager,Pemantauan Kinerja Akun
Supply Chain Manager,Inisiatif
Supply Chain Manager,Mendengar Aktif
Supply Chain Manager,Ketahanan Tekanan
Supply Chain Manager,Orientasi Melayani
Supply Chain Manager,Perbaikan Proses
Supply Chain Manager,Kendali Mutu
Supply Chain Manager,Manajemen Rantai Pasok
Supply Chain Manager,Pengelolaan Data
Digital Content Specialist,Mendengar Aktif
Digital Content Specialist,Inisiatif
Digital Content Specialist,Persuasi
Digital Content Specialist,Koordinasi Lintas Fungsi
Digital Content Specialist,Kepekaan Sosial
Digital Content Specialist,Kemitraan Strategis
Digital Content Specialist,Pemantauan Kinerja Akun
Digital Content Specialist,Strategi Merek & Komunikasi
Digital Content Specialist,Pemasaran Digital & Analitik
Digital Content Specialist,Riset Pasar & Wawasan Pelanggan
Digital Content Specialist,Penguasaan Produk & Pasar
Digital Content Specialist,Ketajaman Komersial
Chief Technology Officer,Mendengar Aktif
Chief Technology Officer,Inisiatif
Chief Technology Officer,Keandalan
Chief Technology Officer,Koordinasi Lintas Fungsi
Chief Technology Officer,Ketahanan Tekanan
Chief Technology Officer,Kegigihan
Chief Technology Officer,Pemantauan Kinerja Akun
Chief Technology Officer,Rekayasa Perangkat Lunak
Chief Technology Officer,Arsitektur & Rancangan Sistem
Chief Technology Officer,Keandalan & Operasional Sistem
Chief Technology Officer,Keamanan Informasi
Chief Technology Officer,Pengelolaan Data
Chief Financial Officer,Mendengar Aktif
Chief Financial Officer,Keandalan
Chief Financial Officer,Pemantauan Kinerja Akun
Chief Financial Officer,Koordinasi Lintas Fungsi
Chief Financial Officer,Kepekaan Sosial
Chief Financial Officer,Inisiatif
Chief Financial Officer,Ketahanan Tekanan
Chief Financial Officer,Pelaporan & Standar Akuntansi
Chief Financial Officer,Analisis & Perencanaan Keuangan
Chief Financial Officer,Pengendalian & Kepatuhan
Chief Financial Officer,Pengelolaan Data
Chief Operating Officer,Keandalan
Chief Operating Officer,Koordinasi Lintas Fungsi
Chief Operating Officer,Pemantauan Kinerja Akun
Chief Operating Officer,Inisiatif
Chief Operating Officer,Mendengar Aktif
Chief Operating Officer,Ketahanan Tekanan
Chief Operating Officer,Orientasi Melayani
Chief Operating Officer,Perbaikan Proses
Chief Operating Officer,Kendali Mutu
Chief Operating Officer,Manajemen Rantai Pasok
Chief Operating Officer,Pengelolaan Data
Chief Human Resources Officer,Mendengar Aktif
Chief Human Resources Officer,Kepekaan Sosial
Chief Human Resources Officer,Orientasi Melayani
Chief Human Resources Officer,Enablement Klien
Chief Human Resources Officer,Koordinasi Lintas Fungsi
Chief Human Resources Officer,Keandalan
Chief Human Resources Officer,Pemantauan Kinerja Akun
Chief Human Resources Officer,Negosiasi
Chief Human Resources Officer,Rekrutmen & Seleksi
Chief Human Resources Officer,Pengembangan Talenta
Chief Human Resources Officer,Manajemen Kinerja & Remunerasi
Strategy Manager,Mendengar Aktif
Strategy Manager,Inisiatif
Strategy Manager,Kemitraan Strategis
Strategy Manager,Koordinasi Lintas Fungsi
Strategy Manager,Pemantauan Kinerja Akun
Strategy Manager,Persuasi
Strategy Manager,Ketahanan Tekanan
Strategy Manager,Analisis Strategis
Strategy Manager,Tata Kelola & Manajemen Risiko
Strategy Manager,Pemahaman Organisasi Klien
Strategy Manager,Ketajaman Komersial
Governance Manager,Mendengar Aktif
Governance Manager,Inisiatif
Governance Manager,Kemitraan Strategis
Governance Manager,Koordinasi Lintas Fungsi
Governance Manager,Pemantauan Kinerja Akun
Governance Manager,Persuasi
Governance Manager,Ketahanan Tekanan
Governance Manager,Analisis Strategis
Governance Manager,Tata Kelola & Manajemen Risiko
Governance Manager,Pemahaman Organisasi Klien
Governance Manager,Ketajaman Komersial
Strategy Analyst,Mendengar Aktif
Strategy Analyst,Inisiatif
Strategy Analyst,Kemitraan Strategis
Strategy Analyst,Koordinasi Lintas Fungsi
Strategy Analyst,Pemantauan Kinerja Akun
Strategy Analyst,Persuasi
Strategy Analyst,Ketahanan Tekanan
Strategy Analyst,Analisis Strategis
Strategy Analyst,Tata Kelola & Manajemen Risiko
Strategy Analyst,Pemahaman Organisasi Klien
Strategy Analyst,Ketajaman Komersial
Head of Infrastructure & Security,Mendengar Aktif
Head of Infrastructure & Security,Inisiatif
Head of Infrastructure & Security,Keandalan
Head of Infrastructure & Security,Koordinasi Lintas Fungsi
Head of Infrastructure & Security,Ketahanan Tekanan
Head of Infrastructure & Security,Kegigihan
Head of Infrastructure & Security,Pemantauan Kinerja Akun
Head of Infrastructure & Security,Rekayasa Perangkat Lunak
Head of Infrastructure & Security,Arsitektur & Rancangan Sistem
Head of Infrastructure & Security,Keandalan & Operasional Sistem
Head of Infrastructure & Security,Keamanan Informasi
Head of Infrastructure & Security,Pengelolaan Data
QA Lead,Mendengar Aktif
QA Lead,Inisiatif
QA Lead,Keandalan
QA Lead,Koordinasi Lintas Fungsi
QA Lead,Ketahanan Tekanan
QA Lead,Kegigihan
QA Lead,Pemantauan Kinerja Akun
QA Lead,Rekayasa Perangkat Lunak
QA Lead,Arsitektur & Rancangan Sistem
QA Lead,Keandalan & Operasional Sistem
QA Lead,Keamanan Informasi
QA Lead,Pengelolaan Data
DevOps Lead,Mendengar Aktif
DevOps Lead,Inisiatif
DevOps Lead,Keandalan
DevOps Lead,Koordinasi Lintas Fungsi
DevOps Lead,Ketahanan Tekanan
DevOps Lead,Kegigihan
DevOps Lead,Pemantauan Kinerja Akun
DevOps Lead,Rekayasa Perangkat Lunak
DevOps Lead,Arsitektur & Rancangan Sistem
DevOps Lead,Keandalan & Operasional Sistem
DevOps Lead,Keamanan Informasi
DevOps Lead,Pengelolaan Data
Security Lead,Mendengar Aktif
Security Lead,Inisiatif
Security Lead,Keandalan
Security Lead,Koordinasi Lintas Fungsi
Security Lead,Ketahanan Tekanan
Security Lead,Kegigihan
Security Lead,Pemantauan Kinerja Akun
Security Lead,Rekayasa Perangkat Lunak
Security Lead,Arsitektur & Rancangan Sistem
Security Lead,Keandalan & Operasional Sistem
Security Lead,Keamanan Informasi
Security Lead,Pengelolaan Data
Backend Engineer,Mendengar Aktif
Backend Engineer,Inisiatif
Backend Engineer,Keandalan
Backend Engineer,Koordinasi Lintas Fungsi
Backend Engineer,Ketahanan Tekanan
Backend Engineer,Kegigihan
Backend Engineer,Pemantauan Kinerja Akun
Backend Engineer,Rekayasa Perangkat Lunak
Backend Engineer,Arsitektur & Rancangan Sistem
Backend Engineer,Keandalan & Operasional Sistem
Backend Engineer,Keamanan Informasi
Backend Engineer,Pengelolaan Data
Frontend Engineer,Mendengar Aktif
Frontend Engineer,Inisiatif
Frontend Engineer,Keandalan
Frontend Engineer,Koordinasi Lintas Fungsi
Frontend Engineer,Ketahanan Tekanan
Frontend Engineer,Kegigihan
Frontend Engineer,Pemantauan Kinerja Akun
Frontend Engineer,Rekayasa Perangkat Lunak
Frontend Engineer,Arsitektur & Rancangan Sistem
Frontend Engineer,Keandalan & Operasional Sistem
Frontend Engineer,Keamanan Informasi
Frontend Engineer,Pengelolaan Data
Software Engineer,Mendengar Aktif
Software Engineer,Inisiatif
Software Engineer,Keandalan
Software Engineer,Koordinasi Lintas Fungsi
Software Engineer,Ketahanan Tekanan
Software Engineer,Kegigihan
Software Engineer,Pemantauan Kinerja Akun
Software Engineer,Rekayasa Perangkat Lunak
Software Engineer,Arsitektur & Rancangan Sistem
Software Engineer,Keandalan & Operasional Sistem
Software Engineer,Keamanan Informasi
Software Engineer,Pengelolaan Data
QA Engineer,Mendengar Aktif
QA Engineer,Inisiatif
QA Engineer,Keandalan
QA Engineer,Koordinasi Lintas Fungsi
QA Engineer,Ketahanan Tekanan
QA Engineer,Kegigihan
QA Engineer,Pemantauan Kinerja Akun
QA Engineer,Rekayasa Perangkat Lunak
QA Engineer,Arsitektur & Rancangan Sistem
QA Engineer,Keandalan & Operasional Sistem
QA Engineer,Keamanan Informasi
QA Engineer,Pengelolaan Data
DevOps Engineer,Mendengar Aktif
DevOps Engineer,Inisiatif
DevOps Engineer,Keandalan
DevOps Engineer,Koordinasi Lintas Fungsi
DevOps Engineer,Ketahanan Tekanan
DevOps Engineer,Kegigihan
DevOps Engineer,Pemantauan Kinerja Akun
DevOps Engineer,Rekayasa Perangkat Lunak
DevOps Engineer,Arsitektur & Rancangan Sistem
DevOps Engineer,Keandalan & Operasional Sistem
DevOps Engineer,Keamanan Informasi
DevOps Engineer,Pengelolaan Data
Security Analyst,Mendengar Aktif
Security Analyst,Inisiatif
Security Analyst,Keandalan
Security Analyst,Koordinasi Lintas Fungsi
Security Analyst,Ketahanan Tekanan
Security Analyst,Kegigihan
Security Analyst,Pemantauan Kinerja Akun
Security Analyst,Rekayasa Perangkat Lunak
Security Analyst,Arsitektur & Rancangan Sistem
Security Analyst,Keandalan & Operasional Sistem
Security Analyst,Keamanan Informasi
Security Analyst,Pengelolaan Data
Head of Accounting,Mendengar Aktif
Head of Accounting,Keandalan
Head of Accounting,Pemantauan Kinerja Akun
Head of Accounting,Koordinasi Lintas Fungsi
Head of Accounting,Kepekaan Sosial
Head of Accounting,Inisiatif
Head of Accounting,Ketahanan Tekanan
Head of Accounting,Pelaporan & Standar Akuntansi
Head of Accounting,Analisis & Perencanaan Keuangan
Head of Accounting,Pengendalian & Kepatuhan
Head of Accounting,Pengelolaan Data
Accounting Manager,Mendengar Aktif
Accounting Manager,Keandalan
Accounting Manager,Pemantauan Kinerja Akun
Accounting Manager,Koordinasi Lintas Fungsi
Accounting Manager,Kepekaan Sosial
Accounting Manager,Inisiatif
Accounting Manager,Ketahanan Tekanan
Accounting Manager,Pelaporan & Standar Akuntansi
Accounting Manager,Analisis & Perencanaan Keuangan
Accounting Manager,Pengendalian & Kepatuhan
Accounting Manager,Pengelolaan Data
Internal Auditor,Mendengar Aktif
Internal Auditor,Keandalan
Internal Auditor,Pemantauan Kinerja Akun
Internal Auditor,Koordinasi Lintas Fungsi
Internal Auditor,Kepekaan Sosial
Internal Auditor,Inisiatif
Internal Auditor,Ketahanan Tekanan
Internal Auditor,Pelaporan & Standar Akuntansi
Internal Auditor,Analisis & Perencanaan Keuangan
Internal Auditor,Pengendalian & Kepatuhan
Internal Auditor,Pengelolaan Data
Accounting Staff,Mendengar Aktif
Accounting Staff,Keandalan
Accounting Staff,Pemantauan Kinerja Akun
Accounting Staff,Koordinasi Lintas Fungsi
Accounting Staff,Kepekaan Sosial
Accounting Staff,Inisiatif
Accounting Staff,Ketahanan Tekanan
Accounting Staff,Pelaporan & Standar Akuntansi
Accounting Staff,Analisis & Perencanaan Keuangan
Accounting Staff,Pengendalian & Kepatuhan
Accounting Staff,Pengelolaan Data
Tax Staff,Mendengar Aktif
Tax Staff,Keandalan
Tax Staff,Pemantauan Kinerja Akun
Tax Staff,Koordinasi Lintas Fungsi
Tax Staff,Kepekaan Sosial
Tax Staff,Inisiatif
Tax Staff,Ketahanan Tekanan
Tax Staff,Pelaporan & Standar Akuntansi
Tax Staff,Analisis & Perencanaan Keuangan
Tax Staff,Pengendalian & Kepatuhan
Tax Staff,Pengelolaan Data
Head of Supply Chain,Keandalan
Head of Supply Chain,Koordinasi Lintas Fungsi
Head of Supply Chain,Pemantauan Kinerja Akun
Head of Supply Chain,Inisiatif
Head of Supply Chain,Mendengar Aktif
Head of Supply Chain,Ketahanan Tekanan
Head of Supply Chain,Orientasi Melayani
Head of Supply Chain,Perbaikan Proses
Head of Supply Chain,Kendali Mutu
Head of Supply Chain,Manajemen Rantai Pasok
Head of Supply Chain,Pengelolaan Data
Service Quality Manager,Keandalan
Service Quality Manager,Koordinasi Lintas Fungsi
Service Quality Manager,Pemantauan Kinerja Akun
Service Quality Manager,Inisiatif
Service Quality Manager,Mendengar Aktif
Service Quality Manager,Ketahanan Tekanan
Service Quality Manager,Orientasi Melayani
Service Quality Manager,Perbaikan Proses
Service Quality Manager,Kendali Mutu
Service Quality Manager,Manajemen Rantai Pasok
Service Quality Manager,Pengelolaan Data
Operations Staff,Keandalan
Operations Staff,Koordinasi Lintas Fungsi
Operations Staff,Pemantauan Kinerja Akun
Operations Staff,Inisiatif
Operations Staff,Mendengar Aktif
Operations Staff,Ketahanan Tekanan
Operations Staff,Orientasi Melayani
Operations Staff,Perbaikan Proses
Operations Staff,Kendali Mutu
Operations Staff,Manajemen Rantai Pasok
Operations Staff,Pengelolaan Data
Service Quality Officer,Keandalan
Service Quality Officer,Koordinasi Lintas Fungsi
Service Quality Officer,Pemantauan Kinerja Akun
Service Quality Officer,Inisiatif
Service Quality Officer,Mendengar Aktif
Service Quality Officer,Ketahanan Tekanan
Service Quality Officer,Orientasi Melayani
Service Quality Officer,Perbaikan Proses
Service Quality Officer,Kendali Mutu
Service Quality Officer,Manajemen Rantai Pasok
Service Quality Officer,Pengelolaan Data
Logistics Staff,Keandalan
Logistics Staff,Koordinasi Lintas Fungsi
Logistics Staff,Pemantauan Kinerja Akun
Logistics Staff,Inisiatif
Logistics Staff,Mendengar Aktif
Logistics Staff,Ketahanan Tekanan
Logistics Staff,Orientasi Melayani
Logistics Staff,Perbaikan Proses
Logistics Staff,Kendali Mutu
Logistics Staff,Manajemen Rantai Pasok
Logistics Staff,Pengelolaan Data
Procurement Staff,Keandalan
Procurement Staff,Koordinasi Lintas Fungsi
Procurement Staff,Pemantauan Kinerja Akun
Procurement Staff,Inisiatif
Procurement Staff,Mendengar Aktif
Procurement Staff,Ketahanan Tekanan
Procurement Staff,Orientasi Melayani
Procurement Staff,Perbaikan Proses
Procurement Staff,Kendali Mutu
Procurement Staff,Manajemen Rantai Pasok
Procurement Staff,Pengelolaan Data
People Development Manager,Mendengar Aktif
People Development Manager,Kepekaan Sosial
People Development Manager,Orientasi Melayani
People Development Manager,Enablement Klien
People Development Manager,Koordinasi Lintas Fungsi
People Development Manager,Keandalan
People Development Manager,Pemantauan Kinerja Akun
People Development Manager,Negosiasi
People Development Manager,Rekrutmen & Seleksi
People Development Manager,Pengembangan Talenta
People Development Manager,Manajemen Kinerja & Remunerasi
HR Operations Staff,Mendengar Aktif
HR Operations Staff,Kepekaan Sosial
HR Operations Staff,Orientasi Melayani
HR Operations Staff,Enablement Klien
HR Operations Staff,Koordinasi Lintas Fungsi
HR Operations Staff,Keandalan
HR Operations Staff,Pemantauan Kinerja Akun
HR Operations Staff,Negosiasi
HR Operations Staff,Rekrutmen & Seleksi
HR Operations Staff,Pengembangan Talenta
HR Operations Staff,Manajemen Kinerja & Remunerasi
Recruiter,Mendengar Aktif
Recruiter,Kepekaan Sosial
Recruiter,Orientasi Melayani
Recruiter,Enablement Klien
Recruiter,Koordinasi Lintas Fungsi
Recruiter,Keandalan
Recruiter,Pemantauan Kinerja Akun
Recruiter,Negosiasi
Recruiter,Rekrutmen & Seleksi
Recruiter,Pengembangan Talenta
Recruiter,Manajemen Kinerja & Remunerasi
Learning & Development Specialist,Mendengar Aktif
Learning & Development Specialist,Kepekaan Sosial
Learning & Development Specialist,Orientasi Melayani
Learning & Development Specialist,Enablement Klien
Learning & Development Specialist,Koordinasi Lintas Fungsi
Learning & Development Specialist,Keandalan
Learning & Development Specialist,Pemantauan Kinerja Akun
Learning & Development Specialist,Negosiasi
Learning & Development Specialist,Rekrutmen & Seleksi
Learning & Development Specialist,Pengembangan Talenta
Learning & Development Specialist,Manajemen Kinerja & Remunerasi
Head of Sales,Mendengar Aktif
Head of Sales,Inisiatif
Head of Sales,Persuasi
Head of Sales,Koordinasi Lintas Fungsi
Head of Sales,Kepekaan Sosial
Head of Sales,Kemitraan Strategis
Head of Sales,Pemantauan Kinerja Akun
Head of Sales,Strategi Merek & Komunikasi
Head of Sales,Pemasaran Digital & Analitik
Head of Sales,Riset Pasar & Wawasan Pelanggan
Head of Sales,Penguasaan Produk & Pasar
Head of Sales,Ketajaman Komersial
Graphic Designer,Mendengar Aktif
Graphic Designer,Inisiatif
Graphic Designer,Persuasi
Graphic Designer,Koordinasi Lintas Fungsi
Graphic Designer,Kepekaan Sosial
Graphic Designer,Kemitraan Strategis
Graphic Designer,Pemantauan Kinerja Akun
Graphic Designer,Strategi Merek & Komunikasi
Graphic Designer,Pemasaran Digital & Analitik
Graphic Designer,Riset Pasar & Wawasan Pelanggan
Graphic Designer,Penguasaan Produk & Pasar
Graphic Designer,Ketajaman Komersial
Digital Marketing Executive,Mendengar Aktif
Digital Marketing Executive,Inisiatif
Digital Marketing Executive,Persuasi
Digital Marketing Executive,Koordinasi Lintas Fungsi
Digital Marketing Executive,Kepekaan Sosial
Digital Marketing Executive,Kemitraan Strategis
Digital Marketing Executive,Pemantauan Kinerja Akun
Digital Marketing Executive,Strategi Merek & Komunikasi
Digital Marketing Executive,Pemasaran Digital & Analitik
Digital Marketing Executive,Riset Pasar & Wawasan Pelanggan
Digital Marketing Executive,Penguasaan Produk & Pasar
Digital Marketing Executive,Ketajaman Komersial
Market Research Analyst,Mendengar Aktif
Market Research Analyst,Inisiatif
Market Research Analyst,Persuasi
Market Research Analyst,Koordinasi Lintas Fungsi
Market Research Analyst,Kepekaan Sosial
Market Research Analyst,Kemitraan Strategis
Market Research Analyst,Pemantauan Kinerja Akun
Market Research Analyst,Strategi Merek & Komunikasi
Market Research Analyst,Pemasaran Digital & Analitik
Market Research Analyst,Riset Pasar & Wawasan Pelanggan
Market Research Analyst,Penguasaan Produk & Pasar
Market Research Analyst,Ketajaman Komersial
Hunting Manager Enterprise,Mendengar Aktif
Hunting Manager Enterprise,Inisiatif
Hunting Manager Enterprise,Negosiasi
Hunting Manager Enterprise,Kegigihan
Hunting Manager Enterprise,Persuasi
Hunting Manager Enterprise,Kemitraan Strategis
Hunting Manager Enterprise,Ketahanan Tekanan
Hunting Manager Enterprise,Pemahaman Organisasi Klien
Hunting Manager Enterprise,Penguasaan Sales Technology
Hunting Manager Enterprise,Ketajaman Komersial
Hunting Manager Enterprise,Analisis Kebutuhan Klien
Hunting Manager Enterprise,Penguasaan Produk & Pasar
Hunting Manager SMB,Mendengar Aktif
Hunting Manager SMB,Inisiatif
Hunting Manager SMB,Negosiasi
Hunting Manager SMB,Kegigihan
Hunting Manager SMB,Persuasi
Hunting Manager SMB,Kemitraan Strategis
Hunting Manager SMB,Ketahanan Tekanan
Hunting Manager SMB,Pemahaman Organisasi Klien
Hunting Manager SMB,Penguasaan Sales Technology
Hunting Manager SMB,Ketajaman Komersial
Hunting Manager SMB,Analisis Kebutuhan Klien
Hunting Manager SMB,Penguasaan Produk & Pasar
Hunting Manager Government,Mendengar Aktif
Hunting Manager Government,Inisiatif
Hunting Manager Government,Negosiasi
Hunting Manager Government,Kegigihan
Hunting Manager Government,Persuasi
Hunting Manager Government,Kemitraan Strategis
Hunting Manager Government,Ketahanan Tekanan
Hunting Manager Government,Pemahaman Organisasi Klien
Hunting Manager Government,Penguasaan Sales Technology
Hunting Manager Government,Ketajaman Komersial
Hunting Manager Government,Analisis Kebutuhan Klien
Hunting Manager Government,Penguasaan Produk & Pasar
Account Executive Enterprise,Mendengar Aktif
Account Executive Enterprise,Inisiatif
Account Executive Enterprise,Negosiasi
Account Executive Enterprise,Kegigihan
Account Executive Enterprise,Persuasi
Account Executive Enterprise,Kemitraan Strategis
Account Executive Enterprise,Ketahanan Tekanan
Account Executive Enterprise,Pemahaman Organisasi Klien
Account Executive Enterprise,Penguasaan Sales Technology
Account Executive Enterprise,Ketajaman Komersial
Account Executive Enterprise,Analisis Kebutuhan Klien
Account Executive Enterprise,Penguasaan Produk & Pasar
Account Executive SMB,Mendengar Aktif
Account Executive SMB,Inisiatif
Account Executive SMB,Negosiasi
Account Executive SMB,Kegigihan
Account Executive SMB,Persuasi
Account Executive SMB,Kemitraan Strategis
Account Executive SMB,Ketahanan Tekanan
Account Executive SMB,Pemahaman Organisasi Klien
Account Executive SMB,Penguasaan Sales Technology
Account Executive SMB,Ketajaman Komersial
Account Executive SMB,Analisis Kebutuhan Klien
Account Executive SMB,Penguasaan Produk & Pasar
Business Development Representative,Mendengar Aktif
Business Development Representative,Inisiatif
Business Development Representative,Negosiasi
Business Development Representative,Kegigihan
Business Development Representative,Persuasi
Business Development Representative,Kemitraan Strategis
Business Development Representative,Ketahanan Tekanan
Business Development Representative,Pemahaman Organisasi Klien
Business Development Representative,Penguasaan Sales Technology
Business Development Representative,Ketajaman Komersial
Business Development Representative,Analisis Kebutuhan Klien
Business Development Representative,Penguasaan Produk & Pasar
Sales Development Representative,Mendengar Aktif
Sales Development Representative,Inisiatif
Sales Development Representative,Negosiasi
Sales Development Representative,Kegigihan
Sales Development Representative,Persuasi
Sales Development Representative,Kemitraan Strategis
Sales Development Representative,Ketahanan Tekanan
Sales Development Representative,Pemahaman Organisasi Klien
Sales Development Representative,Penguasaan Sales Technology
Sales Development Representative,Ketajaman Komersial
Sales Development Representative,Analisis Kebutuhan Klien
Sales Development Representative,Penguasaan Produk & Pasar
Government Relations Specialist,Mendengar Aktif
Government Relations Specialist,Inisiatif
Government Relations Specialist,Negosiasi
Government Relations Specialist,Kegigihan
Government Relations Specialist,Persuasi
Government Relations Specialist,Kemitraan Strategis
Government Relations Specialist,Ketahanan Tekanan
Government Relations Specialist,Pemahaman Organisasi Klien
Government Relations Specialist,Penguasaan Sales Technology
Government Relations Specialist,Ketajaman Komersial
Government Relations Specialist,Analisis Kebutuhan Klien
Government Relations Specialist,Penguasaan Produk & Pasar
Farming Manager Enterprise,Mendengar Aktif
Farming Manager Enterprise,Koordinasi Lintas Fungsi
Farming Manager Enterprise,Keandalan
Farming Manager Enterprise,Enablement Klien
Farming Manager Enterprise,Pemantauan Kinerja Akun
Farming Manager Enterprise,Kemitraan Strategis
Farming Manager Enterprise,Orientasi Melayani
Farming Manager Enterprise,Kepekaan Sosial
Farming Manager Enterprise,Pemahaman Organisasi Klien
Farming Manager Enterprise,Penguasaan Sales Technology
Farming Manager Enterprise,Manajemen Layanan Klien
Farming Manager Enterprise,Evaluasi Kesehatan Akun
Farming Manager Enterprise,Penguasaan Produk & Pasar
Farming Manager SMB,Mendengar Aktif
Farming Manager SMB,Koordinasi Lintas Fungsi
Farming Manager SMB,Keandalan
Farming Manager SMB,Enablement Klien
Farming Manager SMB,Pemantauan Kinerja Akun
Farming Manager SMB,Kemitraan Strategis
Farming Manager SMB,Orientasi Melayani
Farming Manager SMB,Kepekaan Sosial
Farming Manager SMB,Pemahaman Organisasi Klien
Farming Manager SMB,Penguasaan Sales Technology
Farming Manager SMB,Manajemen Layanan Klien
Farming Manager SMB,Evaluasi Kesehatan Akun
Farming Manager SMB,Penguasaan Produk & Pasar
Account Manager Enterprise,Mendengar Aktif
Account Manager Enterprise,Koordinasi Lintas Fungsi
Account Manager Enterprise,Keandalan
Account Manager Enterprise,Enablement Klien
Account Manager Enterprise,Pemantauan Kinerja Akun
Account Manager Enterprise,Kemitraan Strategis
Account Manager Enterprise,Orientasi Melayani
Account Manager Enterprise,Kepekaan Sosial
Account Manager Enterprise,Pemahaman Organisasi Klien
Account Manager Enterprise,Penguasaan Sales Technology
Account Manager Enterprise,Manajemen Layanan Klien
Account Manager Enterprise,Evaluasi Kesehatan Akun
Account Manager Enterprise,Penguasaan Produk & Pasar
Account Manager SMB,Mendengar Aktif
Account Manager SMB,Koordinasi Lintas Fungsi
Account Manager SMB,Keandalan
Account Manager SMB,Enablement Klien
Account Manager SMB,Pemantauan Kinerja Akun
Account Manager SMB,Kemitraan Strategis
Account Manager SMB,Orientasi Melayani
Account Manager SMB,Kepekaan Sosial
Account Manager SMB,Pemahaman Organisasi Klien
Account Manager SMB,Penguasaan Sales Technology
Account Manager SMB,Manajemen Layanan Klien
Account Manager SMB,Evaluasi Kesehatan Akun
Account Manager SMB,Penguasaan Produk & Pasar
Customer Success Officer,Mendengar Aktif
Customer Success Officer,Koordinasi Lintas Fungsi
Customer Success Officer,Keandalan
Customer Success Officer,Enablement Klien
Customer Success Officer,Pemantauan Kinerja Akun
Customer Success Officer,Kemitraan Strategis
Customer Success Officer,Orientasi Melayani
Customer Success Officer,Kepekaan Sosial
Customer Success Officer,Pemahaman Organisasi Klien
Customer Success Officer,Penguasaan Sales Technology
Customer Success Officer,Manajemen Layanan Klien
Customer Success Officer,Evaluasi Kesehatan Akun
Customer Success Officer,Penguasaan Produk & Pasar
Renewal Specialist,Mendengar Aktif
Renewal Specialist,Koordinasi Lintas Fungsi
Renewal Specialist,Keandalan
Renewal Specialist,Enablement Klien
Renewal Specialist,Pemantauan Kinerja Akun
Renewal Specialist,Kemitraan Strategis
Renewal Specialist,Orientasi Melayani
Renewal Specialist,Kepekaan Sosial
Renewal Specialist,Pemahaman Organisasi Klien
Renewal Specialist,Penguasaan Sales Technology
Renewal Specialist,Manajemen Layanan Klien
Renewal Specialist,Evaluasi Kesehatan Akun
Renewal Specialist,Penguasaan Produk & Pasar
